ZONE_ID,T000918002,T000918006,T000918021,T000918025,T000847001
101,110.2010778900755,1567.9837478906188,1158.2715035563076,16626.211529681284,12235.620695184429
102,41.70337118392854,653.9041844543146,374.1599966392774,4881.315940554331,12608.47994413076
103,73.05752793038535,633.9868645636227,904.7784428631671,6772.286699707114,10553.917939337674
104,103.55628247770433,752.326867641709,1211.3536632754601,6139.312120476328,11735.3176410631
105,74.24305323929775,828.0626952038621,556.7740998379555,6626.146378647924,14287.118210365636
106,29.19524334218814,445.28019785632534,139.52968444855256,3012.3749277226543,11624.061932743238
107,74.07180681482937,480.8412331446507,621.0156722090809,3217.9470215534634,11508.69882616879
108,28.592116900863648,275.87561890766386,235.01812153759425,2254.331698541989,9436.535926388242
109,8.978563367769846,199.41149998696613,59.872949780095844,1420.959516578845,6744.533496223683
110,13.967984653940864,266.93276323728884,56.31322093166655,5741.158522031974,6805.987817718879
111,6.590421839476109,212.3145722998511,76.99491039719474,2476.6766908684826,4293.916699408086
112,12.257741598000521,150.27754590660072,94.0404727665261,1604.9437464401403,9527.71396753721
113,5.750674255585954,124.87942966106726,51.09328868467769,788.8805307774736,7491.472236815562
114,40.08504763463994,160.7222422184672,308.318893720922,1579.813068564169,8385.387302142824
115,40.94485618356413,304.83513570727564,241.52264225205778,2045.6340963455468,10057.55091648395
201,150.1512375901246,1745.8141189876756,2113.7193453444975,20142.4983351229,16398.16391861434
202,133.37622782574667,2670.4944086071428,4905.439766394868,43748.3619313071,8368.864472449945
203,86.92200169011566,673.6235894510379,620.2253027872191,5624.283500136354,12224.239328844922
204,112.39885715276786,1517.8386156908336,1909.2550442074269,23333.743570172126,10232.583231261118
205,61.16835557815841,560.3267297415821,833.5451093946687,6002.698962384148,8973.588885487268
206,67.10401623050626,701.4042840972228,820.7442965587459,6398.547874068715,12260.017180427565
207,74.36390667130843,454.6278397718139,2410.8395061030405,3428.623957383987,11085.154278630514
208,49.76124125787342,319.4396109900936,2455.188714660472,4618.634643310792,6494.253306284399
209,19.48101690444516,129.8377526346353,150.9996952585497,2052.661582318755,12612.89524300425
301,89.30692693582776,521.8530169864933,747.2936169960587,4405.794555257264,10829.41078814664
302,103.76278343442691,457.99386366430497,651.6102149802473,3927.615855942181,12917.344947379355
303,71.55312421314798,364.7234743389472,437.2284624535277,3370.608088781129,7788.9255628396895
304,136.0562986379161,457.20863170713955,890.6758689916911,3472.421905465201,10567.362879393915
305,105.40772589347996,510.68330212517844,595.747680347242,3850.575195680988,12141.577500692925
306,93.90700410726267,413.14812255585394,798.5593944206332,3952.3193088409566,12013.640984921743
307,82.79180908223296,497.7080555362603,985.9901439157201,4519.362023422376,16572.867744393665
308,50.00942174050383,204.74862836430262,401.1435847995276,2462.6349883311373,11862.555977968472
309,71.25794044043431,462.83303733568283,1152.2708824838792,6200.230318857535,11752.238297323438
310,71.59586383851347,906.7541600527311,802.6407327679345,9305.665604106327,12450.021176215818
311,44.38817500542866,112.24421076590845,243.28971628560853,981.5772008435354,5437.850509898801
312,76.67490310125044,403.20127991791435,618.8596408986554,3404.4254214969383,11109.255700871287
313,54.239287649438445,196.62674673148206,459.3476422836885,1553.2790317903111,8439.02683074689
314,100.60051062486242,195.38715121042682,902.3644236139233,2612.7503422959667,5162.079021049292
315,115.9234741654911,175.85324712595977,849.0702911544901,1149.927222619753,6129.955238221585
316,110.36740330167349,233.98219697049126,867.58855134619,1993.132319987733,6886.604555256307
317,68.43521326615308,139.60146820155782,644.6372048749455,1399.3275837802137,7483.299249613355
318,65.07653515919002,170.47191288953383,412.27418166528247,1109.3019491272491,7832.969858500261
401,156.059245470222,1947.796063200746,2113.829976489785,27871.68707094074,11456.49110466863
402,118.88899300098318,750.4973143467752,1501.9637135684636,6923.420139374393,11881.568959966875
403,105.98989054582447,588.9782946138648,736.6068760910356,4248.251494769625,9208.678542092173
404,126.93872868557767,603.6888663767659,897.8684375218442,4598.688115730793,12206.426295583868
405,131.53980388037138,1180.4681364101696,1572.8639469288958,21718.136326189608,9540.060169616154
406,102.97802624254943,462.988480416709,840.3932342719587,3632.801932732302,9645.639427848802
407,85.47783846195864,412.9857410759876,663.3953010672341,4684.705381014862,9624.517339320919
408,108.75139540082915,523.5733316437276,746.0757061967083,5767.399846189601,9133.584292093565
409,84.09202798817877,409.34788967170897,677.8089476112176,3699.963722835435,10552.217836621863
410,86.9268468942517,233.96622399997537,662.8025725734806,2205.502816549668,7216.678505884276
411,58.16967328988587,245.72454477814708,599.079464903482,2634.83859407182,8396.331154458598
412,92.23353576926414,349.3955564889684,768.1398704071165,2517.9661168422135,11411.70951975936
413,201.4600216970115,217.78871413143565,1693.0081564816287,1469.9848419026455,4767.832326949183
414,146.35481354750172,199.2428111085716,1061.8276998497963,1517.587099151458,5801.549878184851
415,93.84863701753768,189.2395392098306,1070.4392325960505,2158.962527136477,5432.02761164337
416,63.94028478393902,361.4264723659822,529.4481129535038,4302.190249813371,7218.370208912859
417,61.43242700292792,173.589584694344,388.13267144894894,1424.2610996432913,7074.757845561679
418,72.0288974307671,239.60595495754467,2467.2054818488987,2506.1750618533288,7164.607349687289
419,63.63951262513098,175.0491230218422,401.8069869914413,1258.3409063561382,6561.673192141974
501,97.43967866869356,1462.4357533565135,3488.2279630193716,31891.945294133788,6492.616733090888
502,238.3687750129903,4578.486807931599,7254.435081107916,106596.89721453325,3888.4123011368806
503,114.19557043436679,1764.367517690702,2673.070265256182,29646.59337596428,9756.454529147717
504,67.31336417252875,360.75740456311803,750.6677205074685,5672.960609406492,8468.458950085356
505,29.76623101535288,86.98334827719916,273.966926020233,1175.896808316866,4434.113172830808
506,78.81339130492078,307.2223473229911,623.3983486283538,2603.0613109389074,8648.716082588255
507,91.39838294119842,706.590203713835,1380.2086362984123,10821.414879023707,9499.217600896434
508,94.04830403825792,868.5986536809996,1232.050616914612,14661.599870443248,10855.677514140787
509,79.11862359604075,579.1012994173946,980.9806793599697,7291.525301010284,11701.484122824686
510,65.10913069299654,407.927010814882,692.4045716067818,4438.067049626972,10321.082428477956
511,64.5039019900249,499.8030083580698,521.4966234542824,3782.7638403259953,10395.003555928573
512,69.17364201914779,319.32741775466474,596.854284032631,2554.434246096033,9315.22162672344
513,43.79457949541136,149.17303583678867,411.16832123991446,1747.595440954616,7371.488799356006
514,85.55896601884274,480.87293586838376,808.8128631331267,4338.786566324,10842.116641017314
515,96.58697721371107,374.1207582787719,772.453591258337,2738.8348882047203,10814.83635051846
516,71.78132891785278,297.28151892088465,1013.1207943785843,3594.9570178085437,8608.207517300394
517,62.346747666305646,202.31469625543596,900.0012668942186,2156.2075133650337,6816.846671562463
518,205.3072639607773,5101.816869287868,11981.201741139197,138099.29107325492,1375.3242908695338
519,241.44193703042487,4097.054135111173,6265.617811616624,105422.4518091624,5948.157190865879
520,224.46139320314572,3654.789939456778,2509.189638697638,60097.523653440476,6942.802235327912
601,30.449329476533393,503.7678860997401,563.8888413981043,8123.275377274665,2788.6884184865517
602,182.95014959966338,2855.058221725671,5685.194033335964,41277.78434865868,6866.812510475761
603,165.11110333682217,3059.046841140558,5076.741012910835,41124.70501921654,5847.201572046605
604,162.99242018409305,3299.8521167072845,3206.969612939899,39794.79437332035,7251.0362534705555
605,266.96065085291343,4435.879432367798,5813.534313428284,78063.46543471614,4294.109859306523
606,259.18855127016707,5792.773149798758,6032.45486794192,92951.09208212126,3316.487272914682
607,213.73525206366108,6723.229275875181,5846.987634157663,102516.97802434934,3037.245113434652
608,157.77125432922233,2637.7643925836987,4332.017472658711,49995.81756804063,7434.747096476756
609,149.02015984656396,3698.7507660587416,3522.844929878997,64062.78506749821,5457.172666091198
610,121.0552088215482,4751.292096032334,3437.0381337972644,72392.97216395658,4285.431240652056
611,145.11320074436495,4985.147516619553,5638.657713077433,77771.90299229113,4655.850325742383
612,133.2028325292074,1568.1824368312316,2577.4738463820067,17722.34624480122,12167.543763781527
613,107.17798926801584,1922.123102303132,1635.049907588547,18362.273923628054,10923.996053895688
614,117.52517809702698,923.5221000645982,1623.619275141888,11319.148773507928,13502.89457461803
615,125.81753853646664,919.4555155448867,1268.8363364168513,9722.97100372891,13417.944623740046
616,93.87108079007074,809.074636981852,753.4002847647331,10402.255631956763,12402.31205574088
617,111.10607190138693,1227.151987759188,1686.1351525459322,17036.957029656423,10456.380987337063
618,118.1470500672199,2727.9106870473956,1759.7539781336818,31066.368322798,11039.959325797487
701,60.5718193578295,348.41016206279295,581.4777828977385,7860.262831088171,7517.038407813484
702,69.68278498044357,468.19607985266055,585.6024519198371,3436.9979363340863,11775.012166048708
703,171.68947988702817,529.8268249843519,3477.138296714621,7011.834591291383,6509.822845125111
704,106.88498198568995,427.8276664754791,1044.850596860697,3729.113510884669,10226.138644399223
705,81.21937670526326,591.3567369786479,599.6092923234518,4812.930869769935,11553.769908818256
706,54.523686883233026,547.6677662571667,473.9032928456797,4368.599986538306,12052.051426266811
707,71.63089753572295,465.1666096499881,484.7217298082112,3344.3320154553603,12344.179550087772
708,47.98743024469521,335.82685591618645,397.96609057157843,2452.305306146398,10718.262439872047
709,20.539625959577506,186.6492968821141,180.5265568482447,1326.0437248550354,9045.713122750212
710,17.087799501245396,368.7770265834203,119.82412990858121,3466.9169647259387,7837.127467822785
711,11.82618749999597,239.4579047525328,53.60378649796143,4631.000317687983,7779.802442413381
801,80.6396605435678,398.7741396218244,2461.617159359135,3780.4952891545754,8506.404304205755
802,95.15903259605152,392.74840532503106,702.3571542605514,3254.5961205678486,10718.34335083962
803,35.197167386082405,407.1166025173212,231.11400219151196,4295.724566723205,9699.099955096257
804,67.62584084832267,384.9449546383443,504.30400703756413,2602.1009166359854,10519.503032455921
805,39.651992858163,342.8110781812175,335.9226432889368,2518.597449909208,8648.263390853672
806,78.84645148352638,604.1190296090865,415.049298390116,4970.378070738853,11073.356914779803
807,82.49913579854221,545.6679269570432,1426.0593942834153,5370.698440901075,10408.326210377343
808,122.26160852441907,306.6915325431933,4630.531186542943,5663.469215674547,8169.207365064981
809,7.400829643702005,160.43146255994753,34.531274904025246,1389.5909784842784,7391.2389192709725
810,28.076256844645417,226.23103945248369,231.2855934300801,1714.8751697239952,9186.457741068516
811,56.27670698039252,227.32846590376832,362.7419988063221,1203.9743685729873,10349.577256081458
901,105.69914814814686,851.7142245109433,1915.6748025407094,12278.205594889561,7703.584854230727
902,57.37033738116336,384.82796203181545,2165.7497937830067,6277.852777631955,6465.287678611992
903,54.67632592964156,416.8401029772,1223.8920948816487,4300.980435086006,5776.997891144227
904,124.36720548857575,585.0385113646901,942.1642246995409,5419.8983048470145,11578.130895403487
905,78.26723443819249,311.195030074278,772.0330071145921,3086.1437584767523,9879.729654904535
906,79.2669557112163,372.674051367578,831.916431342332,3889.2970126330006,10748.291198208079
907,75.62559584593748,237.504676658431,1595.3714876969796,2322.6924338956064,7636.087034854552
908,69.67000408800126,412.2448075912097,2003.7233093427183,5495.106035561113,8081.900683669148
909,24.787130473469148,429.56648129614143,1227.436326061005,9638.771512861604,2394.286143361928
1001,98.57914328157827,353.2641321222038,988.2615872362466,6872.446186696803,6468.926212111514
1002,129.09537592115853,296.77487489277365,1180.8287816453326,2546.323321656203,7819.918141103765
1003,97.92614202873122,588.098627424053,1055.8785843282074,6121.682867768066,9868.84070004115
1004,81.02914137224829,248.60415735086227,782.5768834238961,3018.0463882423774,7238.824130701316
1005,98.18111693422263,266.26388739130425,1046.5479138237033,2851.4151093101473,7992.985551408558
1006,110.24018746194699,215.58603086103233,782.9973535491905,1779.4572105735303,7144.564912880705
1007,128.05563690200222,280.83036237999886,1234.3388787627594,2576.7885003430947,7825.902339277298
1008,98.61347910627202,193.48538056108595,1189.058927974787,1962.8446576723334,6750.0240405636405
1009,96.29616846083702,223.70586776236297,970.5570827623022,2466.231605920738,6737.357378746056
1010,65.70187823057879,310.3841069227451,563.8408167841993,2464.221769653183,9094.139502129061
1011,70.81687734573832,266.6579871119523,485.88750950944535,2447.1458166923376,8157.166171404142
1012,65.31299214239675,252.8056008603933,434.2969889044051,2713.9167718385715,8065.1507464174865
1013,109.93918102212982,213.49105412991526,890.7314079819207,2701.7350803526383,7132.9049179282365
1014,51.321659336141494,101.76596365609777,428.1650748730694,805.1193349321791,6182.97611963996
1015,33.25048079606412,110.39282459022557,324.79206603976525,1018.6702392129367,6810.401089193123
1016,36.89189135495972,122.2125630529827,236.14707884915123,1141.8274584241321,5016.766066995901
1017,38.369485325831405,113.70606540152825,433.1509269725846,1147.40768678289,4771.458395447428
1018,68.06819341039889,114.99089858736431,485.39064521017593,994.3090076481948,6264.318596969722
1019,62.18938969383129,100.13820271577156,579.7137492993086,925.04093494054,5296.852003679566
1020,66.60855414858712,146.72846928136985,481.12518521861006,1134.5685628463518,8022.441728622664
1021,30.163456192093825,68.33724455080873,253.6454018048491,787.890783948531,3708.41549802293
1022,18.880513798462314,84.0682460995755,214.5619069749293,622.0734384503518,7262.278654985357
1023,27.901379372847472,128.53293580376283,236.97011533099473,838.2925349657747,7632.8017034103295
1024,86.42151181404387,217.08456989700835,539.5370209702066,1931.7473409522527,6366.508730138987
1101,66.45782788319228,235.21405946180175,888.4459146207392,2872.162772037715,9329.72614645153
1102,37.058727679064845,141.62861815326184,1789.1850955434645,2482.628995825935,5147.448843853894
1103,25.663472097729738,186.74372537023663,717.5707976888623,2337.1081205213195,5921.151214865208
1104,27.013348755250988,387.1242116953116,452.0462526850473,6599.680898746425,4718.679658713967
1105,20.036466085457437,56.55349271431669,1917.1993268079668,1719.3757716957696,1813.5099681283084
1106,2.7848832700936654,25.187949069635682,90.97199301406815,636.7818614272684,0.9927314729655715
1107,167.60374604088926,235.80241782612086,1224.4450548033685,1728.269680048933,7165.382230802005
1108,92.66477815381766,226.77337573508999,1182.7086735736789,2147.0399954042855,7001.041069766142
1109,99.19680480332292,262.9949285371525,930.7205083674324,2265.9152173595517,7254.820299744188
1110,45.943646307237536,132.05335570371744,527.6313729817949,1129.3060345635238,7958.656767692127
1111,46.75453906684808,142.5373682580389,973.5542071963367,2356.0144479686223,5288.9493326971815
1112,88.82488145599125,160.4518965286894,811.7460899697224,1236.9493426560427,6431.095710837866
1113,39.28080591321247,67.19219247808978,276.3903575527864,557.8142997045248,3033.4946308325357
1114,83.84424474358744,131.67775906410574,1167.9395438840538,1463.683841762718,4567.44760386165
1115,53.58430909663183,201.38765042340023,652.4213871813789,2486.589957097012,4739.36717542927
1116,10.67759840946939,87.165756840327,354.8302023057079,956.4353852995296,3322.2763022870404
1117,9.268763443042582,15.379771322251962,706.6701338696375,237.107056247016,3141.581853363425
1118,4.690501752747772,24.045222351315996,84.04477431696617,553.7252287568538,0.0
1119,32.44519325683339,139.2976099073872,187.55433661787154,1393.4766715292963,5788.827451919433
1120,21.143821726448977,26.83590531079263,207.27756837162522,292.3767774131378,998.5416217572878
1121,14.666456764831837,55.50311068909617,134.99169012530865,777.2939269224877,1151.811521501093
1122,16.028446192025076,118.29187962022276,549.4170737709769,2703.665208837487,2059.0511766059826
1123,24.466653389901296,113.73672567514421,279.5932047563851,2167.1716507203905,38.916705539856885
1201,76.30996123947853,318.79213074363474,640.1469786213056,3680.061398812523,10805.934841996324
1202,181.7696764635063,222.9361985898922,2369.889097605188,2576.74425065723,10461.414424722252
1203,79.35648616661946,302.05185262587935,607.4704659288436,2344.9930573133047,9301.29511889066
1204,94.3369736596983,261.9624572802997,1433.0333962659327,2703.587147131743,7359.906962965766
1205,44.95449591219501,150.91673563026424,1001.123979777162,1870.56942550062,3316.2756424631207
1206,83.17324791619687,214.0184704791546,1343.701023666751,2269.851944791299,8032.192241979914
1207,82.00115286568682,374.47455517346316,654.2340722842368,3356.29846983862,10008.727011280933
1208,91.57018831707312,285.04781217816,1344.459914649349,3352.9268109689488,7358.28859519295
1209,55.9830965989035,389.5813349563093,410.5822752594251,2978.7882126571026,11070.498324765858
1210,59.60516686997297,268.08840601442074,340.0035652829191,1892.8416242363007,10182.505889195168
1211,55.31594013438388,268.9730862278591,522.1420941192623,1942.4478042876547,9052.49978294972
1212,73.87405381716627,246.66035526701577,731.271850561719,2692.6239770389584,6858.913449773257
1213,119.8902759797043,201.85625138959156,1213.4051366129777,1374.9333719245305,8443.333220004897
1214,50.911642031707125,166.69081012938616,1105.717635889044,3122.70805980071,4111.405858939206
1215,64.24439962319873,185.2271933581205,994.7081842031932,2553.72105611688,5115.927749709686
1216,96.4445186762237,195.40757598200815,1345.3446815027205,1960.0757047672005,7033.750889487229
1217,123.3603277072315,139.99220907383756,1253.221326379245,1627.538089728629,3279.2749763457464
1301,51.79938822374377,131.4261500299461,763.1919267338233,1725.6744759017924,5788.941296089927
1302,59.03695047087035,196.81931456360616,439.0602747757095,2083.8622932562585,8561.536485690418
1303,37.43979899544941,212.0445106743833,258.57919900876794,1638.9189245629639,9631.218929757719
1304,58.46895300992088,185.95581856387517,626.5357886386399,1480.2149662319391,9669.057001429375
1305,127.21718989994625,183.1424326127626,1107.4782453417042,1695.560192839326,6510.70532245923
1306,25.259799742017577,92.32453270141389,172.8729160909829,776.4392972721843,3712.436928511501
1307,21.620204204993964,138.98655774695837,92.43458663789055,933.0034071780107,6302.8795360351305
1308,80.57398889231028,250.7629509443067,683.4148875908851,2294.693888816555,9113.467375431788
1309,58.930819811126696,169.89335157062658,497.8476991438133,1940.769868460232,5529.619593385237
1310,140.90120166021356,225.03552331492924,1101.867355264867,1990.5902763260126,7011.69784781756
1311,54.587347704859376,250.4030780118973,617.3817492906331,3122.345964633841,9632.939701850875
1312,32.83086140096437,192.82925549763965,266.48249890827043,2100.3153872892512,9376.63397317995
1313,14.219352762648358,56.781028441383114,215.8586645285041,776.8126303430497,2902.462764597454
1314,11.401189407617244,27.172634705319304,105.82139417474207,297.6851828220421,1604.1718830926038
1315,100.65156178106584,165.7401434364002,867.1854310636262,1616.1191860885085,6610.910709191206
1401,76.17481985860108,180.0482523439844,1352.1832046435795,1586.7632743403117,7285.157852909474
1402,142.37436717392714,271.56129839390394,1585.3442034635357,2385.4989247890717,7545.186924330846
1403,61.44929119139051,260.78563309691464,796.5448280760586,2211.430629472859,6541.153695597689
1404,98.99446796186123,185.7328921325518,1161.904779441556,1583.8236898900784,6590.787162908841
1405,25.76362593789791,170.93594547760063,122.11977423467181,1438.0782027437306,8541.96602031195
1406,24.337923154858856,176.9222192777635,137.06185513646759,1339.2147535820095,7391.851698350418
1407,36.10179604579905,168.8498921388168,278.16825606598945,1362.547812337379,6914.529125732052
1408,19.676162070372964,149.75976073006817,97.00384162005878,1352.4152435141878,8495.682983016182
1409,19.01431070312626,106.29777040458346,162.1784897251568,913.8345223178534,8545.461103237889
1410,33.32287491120804,234.84638278053527,604.6922539561872,1768.7896523643756,10740.034176936808
1411,15.069174953827751,188.07292375757828,97.33082653089257,1454.7164068873506,8225.857778698559
1412,12.812370128494738,146.72219351694974,75.85835237019097,1359.3097330394526,6750.709479332405
1413,24.954291879889478,142.47482517544944,124.14541760088204,1144.946823279657,9008.776197656409
1414,21.503337783601086,117.54422147984329,121.64824712772108,1054.1488761509252,6535.842139620679
1415,19.446225917273342,109.1633821085754,139.642741502786,1233.2910630427689,5192.225531031892
1416,69.67551199015983,118.35884339429504,724.5713660892959,1617.1167967003369,3953.6041393073497
1417,26.141371920440662,81.26838974236854,358.2411605950002,966.3146153733392,3436.6897355599617
1418,32.27290122279859,99.20354246677746,293.3864213884267,739.3750642238617,6910.234945702053
1419,50.25774448270522,104.4111809111105,585.6261478446448,1089.477156102707,6289.617562993785
1420,120.75915833119814,153.7591138634404,1255.9164550690582,1767.130288539499,5839.499003400491
1501,29.96880838843224,329.0569976369867,367.89062981354533,2663.1198387381664,12339.983584676302
1502,17.501385516439854,181.5954778640897,126.96795031444563,1662.7990946955028,9806.861665205925
1503,30.46477866648477,185.58757114319417,252.79669137555481,1391.7606494073486,7920.976127869927
1504,21.782541070840157,151.94819915983973,189.2258448012303,1195.5612484849396,5505.485521631811
1505,26.379797347888445,185.04537810587317,180.90128058590372,1702.398146548166,7514.066428229305
1506,10.090805671088534,65.96645456456078,33.56989675538922,1205.559136489375,5710.718655901795
1507,40.24276407491466,469.9337290444225,820.5449405577418,4702.3483310041565,10310.166867891357
1508,30.13716664598086,258.4346344845602,635.2999444211756,3412.2575688410843,5907.42123616768
1509,28.44545354191012,470.1904553256936,264.9583182871945,3790.2260603122177,10712.3733341814
1510,26.312587608258532,609.3615711619703,222.05985366919472,4820.9832032656595,11872.33663789629
1511,30.366491624898703,219.5224509535451,233.79696963578283,1962.1302014175812,7020.276341301788
1512,60.72338075624983,262.0697496251996,388.3853791638525,1943.5015023108872,8786.867210355238
1513,43.80618699216353,218.46590939868045,275.4318856537485,1741.8173354912874,9805.796606158565
1514,33.65516100554882,239.9633533550789,268.80820189812346,1992.0326877577686,9672.788376414826
1515,27.84380037932747,279.5892959423884,253.46913991372966,2037.4952936885884,10394.111841201739
1516,16.244457637769315,181.77511942569052,138.35612145216066,1394.7103865123222,6384.392450548668
1601,11.956824782430328,123.38714952375324,156.40241754624003,1232.8337909521822,5118.835366975777
1602,13.371818982941223,219.80765999124523,81.22627734911093,1712.0350401427015,8934.581599689518
1603,99.54460949584868,271.5273430353633,1129.7926556381774,2086.500474509343,7753.337928891516
1604,40.29945812741568,395.0967506179781,359.50786317734526,3426.1421246911955,11481.122631352915
1605,58.13974705380642,223.5013385834006,433.1901156441529,1678.6897871856438,7849.062627493179
1606,48.92744941792919,118.8905039924016,466.12644653841727,939.4372760832277,5571.169375796281
1607,80.44255561563502,193.63452713368503,767.388981134187,1494.7816280441475,5701.594835278739
1608,9.330172018819036,114.21178903138892,48.055864556084124,958.7831108465707,7827.080591484179
1609,16.715533873983492,212.35469618268803,79.86555431046021,1568.412789914454,9025.7326874351
1610,23.269051438338536,174.2624414773624,121.45058130802245,1279.0685559857932,10677.847493332736
1611,61.02320946712719,359.1140458507543,659.6371923980015,2968.7237780195874,11476.677464799974
1612,47.909419711635486,325.9358724108996,384.88987645926335,2953.777376575658,9437.689510243434
1613,12.015243568848124,84.96339904730154,49.68056727170304,788.8601323976256,6281.718051659801
1614,28.72214021133685,160.0052783031038,199.07797563744455,1968.3386596627834,7631.899736159828
10101,9.84189410913064,20.624470379699144,100.60848518772916,200.719190196316,325.05391019033726
10102,13.24318656613363,22.968376342657372,414.2691020406197,378.8364019495008,114.55156374784544
10103,13.08471748149265,20.961811684062756,179.32665090436052,276.6644733359066,658.9441175785281
10104,13.653062347212913,71.39168452287146,122.5012912594522,745.9953971566921,2595.4613363321223
10105,11.710712604129318,37.535560548426865,80.7937092970457,331.863562886251,1659.0832214711586
10106,8.076754919176434,15.843567360391235,112.84827989899138,184.50082071391554,202.67246627498199
10107,19.528895169109237,79.48470540442844,268.864339358245,682.6142620974653,2645.494853438331
10108,33.79109951196272,155.1116147651093,358.22247552466337,1142.9663926682006,5014.107290500705
10109,34.823982566090095,57.363399066723446,700.5142568708139,640.38422200856,1821.5090944818353
10201,18.11004395749012,58.23226718412177,153.4083539789438,601.480439192741,2484.960526748004
10202,35.44267563115581,198.27060592555648,279.3905590346269,1501.0919814290191,5516.637566574564
10203,28.010330440735714,197.77467164703472,213.35136127045647,2206.070473565324,4557.060098058937
10204,19.262337903734895,47.84233915132395,233.62854544909916,508.5469016202506,1693.8508137698032
10205,24.242439978269136,54.12773698771461,317.7499104913915,494.1015992623663,1312.6013097328414
10206,22.861333185941238,57.53143225124389,335.84677950258515,480.5694822307847,2038.8714508962921
10207,15.333284808197938,31.537226723483116,146.3526598271663,236.03757011169773,1295.1759356903076
10208,17.209785824411036,42.96837038720056,154.01891983421055,365.57127346058417,1829.2767008303315
10209,4.700292663014142,6.746586904846765,50.69368169125875,55.93732503425032,309.2000857215273
10301,49.44453480148799,124.63714147408355,624.729021203351,837.6127745160428,4959.667618721258
10302,33.11920595699596,74.48581374785716,282.29080653776975,644.6291016860846,4397.492506712718
10303,27.79831157689639,65.39874985890972,227.442055588823,496.7786979710091,3302.7711829418026
10304,32.524270648829585,67.58405655647503,395.68527905106663,468.11971920566134,2675.393642517233
10305,39.434885750755214,94.88934031525537,345.55085183465377,643.7333319589716,5024.54017397002
10306,27.4941663442266,50.95351582505816,345.5087802570161,425.79517003521755,2524.633507665806
10307,54.9074128310433,96.83379751346325,897.6955424847246,860.444528668975,4340.678286044426
10308,25.85414577274952,83.87591697546489,363.4979810516706,522.9048327281065,3319.573107076287
10309,25.383634701805565,35.40557827828975,270.7740190089271,268.1207354021126,1803.917385327234
10401,49.40328047317602,157.37222505660148,885.0873233828466,1505.935542902937,5292.942675859388
10402,47.337841038759194,99.82192136749345,648.1444517169177,902.2667578620395,3946.435812913091
10403,30.085202361892037,100.72828006307402,378.324487894271,795.8437999935938,4017.1851754996674
10404,41.92718798979732,72.16852087121414,776.9985498036792,837.4810781726387,2286.663281851605
10501,24.03315881317847,148.00476210976353,526.3576529294108,1647.351701682475,4866.817482608956
10502,21.48098617659729,44.30762856186937,463.84955643268245,457.3969315091119,1636.7100238691796
10503,18.775096379596985,112.65837890586353,182.57336749164003,883.8133280618467,4381.144602399339
10504,14.229506787193849,83.92513328437776,239.07803258608146,684.4309081082313,2524.341591285392
10505,22.423392157418668,63.10947937743166,670.9881961512019,824.9817508309166,2785.8315290264586
10506,21.652881167912742,46.61268076918174,712.0642400008581,460.4866152933416,2138.2940152129704
10507,9.380483919554878,39.8936896114559,112.26156658726545,660.1488254756786,1243.8909951811247
10508,11.558308242825607,22.01207028760767,338.6345155872453,460.28582210670675,747.050796488629
10601,18.73866939549075,70.5784893607934,182.3886390532996,447.95054996124736,2523.6840025514107
10602,18.005421476016565,31.455327569956598,152.41504464705355,229.27306976955202,1735.5543147017033
10603,14.144630658325406,31.856456450018836,237.5439344110343,300.11797636504843,1396.8083213753537
10604,4.3279153988238965,7.719234584935148,34.64215606331705,57.131800113549254,369.8264435656323
10605,8.02076435687774,15.434775103574488,87.71481546321172,130.94429911233516,764.4223947542212
10606,12.409085301328759,30.2687954083737,194.70840733715593,242.439851798041,1246.438115334952
10701,29.746506610473254,52.855794326425354,241.8563454618777,471.51942280533586,2348.169833843517
10702,19.140704390697667,48.4356481180824,187.5620812253284,502.5548283815151,2013.2322139218213
10703,36.21996480800894,199.41940095013356,226.2760574377429,2114.713249066616,4854.6565571960955
10704,48.045662956820266,167.42906965835132,489.95526660136034,1678.1793889137864,3588.77330873525
10705,59.86619567385479,86.67537998653117,681.1324403249323,1112.331791495751,2180.587347024128
10706,57.97148676732371,195.68603294137992,464.0414983494511,1899.8839758759912,5325.878342975486
10707,30.202493479713656,193.88722997105532,166.20996485725914,1611.8118412080933,5909.513616708789
10708,15.428260868507264,38.479131079840045,114.1456907170087,391.52294668148375,1800.4761544165792
10709,26.37617343149689,141.76837468379196,214.41361373686993,1193.2642743757456,4668.981047382396
10710,32.54391839603999,74.54575466264403,276.36471519089616,512.0719853106026,2508.5168617724557
10801,50.7401727830744,691.7761809989665,263.0916040560376,5316.583039025155,7028.310543334569
10802,47.18106492246861,480.5067527810936,276.54799165178196,3977.5233765984544,6617.556845683649
10803,42.94439452273824,521.9658575969477,297.5129449007321,3498.6334384134548,7233.589927163543
10804,48.21427735318283,473.83819245440714,513.1513007353377,4353.077855837099,7556.250435915074
10901,37.823760709140984,71.04744817605147,268.01592842864443,528.6586649313081,3421.2354229386515
10902,39.66036532414284,154.7990504404636,368.04617517600065,1366.2401436030468,5439.289057461714
10903,41.04391562955862,130.0034687426463,362.485689288766,977.1581709949214,4840.756976447914
10904,39.614003723731365,97.23491735151599,325.2808848521237,855.1130003048135,5840.628354832237
10905,53.90619854353768,109.21207849384786,364.30727034546663,945.4102049377279,4624.388243528665
10906,32.031800522590196,48.27513702312925,202.47929125080708,251.41217787725375,2346.4493829569865
10907,28.529991210901574,42.89000980750745,178.78205322843877,226.21843773232172,2193.963719562982
10908,42.03513457838754,71.82376019031294,263.84384360179376,514.3015361737571,3069.6554995492265
10909,31.414365214957893,144.499028923149,241.08728661405414,1070.4278591326934,3858.4289592262894
10910,35.53337841663619,68.44894210326123,234.4516478265299,554.5789789187537,2873.3558534184635
11001,45.12424109000062,129.18284250305186,389.1670733931919,1060.618440991202,4783.029064936434
11002,44.92320730845752,119.91348601051625,268.1991782399364,968.954642895358,3768.464966217685
11003,36.25399696553059,112.09518127553203,351.17562143279093,1283.9608008371115,3676.2461757381398
11004,43.68961968395754,56.834403811732614,363.52285725326914,391.6890446814704,2439.917603774566
11005,23.214217406812367,26.142533854872084,366.24878706441916,227.7626379911838,1172.7919885843526
11101,29.650463294171185,90.41909781482008,425.30310758829285,1083.1588508057519,3397.3902037481284
11102,26.075743613822517,206.39758780063767,198.18422934771613,1655.8071485464288,6870.635861236127
11103,24.761315329513128,81.64515841467531,415.77680660137133,970.6525664083966,3032.3269434645345
11104,29.361829185542252,175.89619436040454,335.5025321212438,1604.1582801672207,5677.413207109158
11105,51.38071642976172,93.44544633118522,727.9719843701351,1159.0368754693025,2330.4599056839456
11106,43.22403115155953,124.53488312142179,522.1580947339473,1470.0287979042782,4212.159423528493
11107,32.95433463221444,166.4039964725341,204.42493705908683,1955.2252921658126,6981.198314247082
11108,49.22206187849369,107.98728291810848,461.786533337171,717.4147247712866,4974.261982365116
11109,50.82366068966159,120.81677273656545,492.18770667484534,1222.2080922748698,5149.03208127418
11110,36.64568707044525,152.28552985918418,924.6874918988091,1514.4229487919072,3471.9399474678034
11111,4.575172446835499,39.141811798673594,610.3868444051525,692.1694498236722,483.49271860253174
11112,55.22905572467557,271.16355056359015,851.0374488536562,4633.5972111906185,3580.380867611251
11201,31.71902476614526,345.98868593969854,158.21013109000054,2175.154021753955,6914.780955794103
11202,22.75010450245499,204.96193376145885,210.80205884732837,1627.6087709922997,5846.551642959799
11203,26.009415256545196,72.74734177269525,580.1771172963713,440.05917137415815,3526.9683391294466
11204,24.994229894950973,114.8276265298831,294.09393823656956,1224.7204427515458,3817.551731746806
11205,26.18745133017276,36.978586525645504,201.54800978046094,344.82852681067453,1637.9571611852339
11206,28.05519583990614,60.35770738286464,206.89526613066386,518.2362676108278,3315.560464236833
11207,26.214987133580998,78.76143963473974,309.4054585459083,812.9713676764933,3869.92185891808
11208,26.242761912074,97.95414635768303,408.939400037836,970.748730566568,3503.6174598657826
11209,25.649262617359934,52.51431754651011,306.63857432886556,342.47278288811043,2638.878451941461
11301,19.57963895591624,53.297887056677574,770.679977062863,737.1065839890713,2070.4771008465814
11302,21.643489716416063,44.66447582022905,1117.203265877109,680.6856014085189,998.347458003684
11303,16.934587896760686,66.16465082260457,189.60025689771953,537.3989966664775,3362.6628455762525
11304,22.89579523238416,79.43935737722053,248.51096507770453,662.9699658820883,2847.6881049175213
11401,38.34401649744461,256.62662077146445,446.2826677796983,1699.7664358251009,4512.62640789573
11402,9.547487032757605,243.73568917720613,79.4367189944776,2661.416929023778,4173.016936922408
11403,11.859535584647725,67.10541807797583,88.4964314006248,558.5235249921659,2089.7628454552237
11404,29.816119691006236,67.27842207934808,898.0520082983951,496.42172760689465,3854.1631926777286
11405,4.979603721210273,30.159869149384015,21.961606419859983,370.28793058742644,539.5223568323488
11406,13.227091952939693,53.772268905817874,77.0265542693721,741.0815280235263,2092.6259929154116
11407,13.024764460562576,32.758742482667074,483.55544767547053,327.3118717423651,1536.7761028908988
11408,12.266004765246498,20.592728978441347,273.24886322321004,240.1003331586069,1236.5969718133804
11409,0.6895173561272309,5.544651308235562,5.23964523568549,83.69416675900709,39.63025649654792
11410,0.6702083123984564,1.2098476286372335,5.807327600527558,20.894611738090052,29.341990751119305
11411,7.556671337945149,17.036530356727418,205.9115976056502,168.33342193854588,807.2943656045688
11412,2.2900258421236668,3.360253285224595,10.003965776126101,15.500005423699182,421.33009447593423
11501,26.243627677978743,270.1869327246314,345.28639105619595,2114.0412451588677,5851.467590247103
11502,29.68831617660914,350.7337070309947,475.2775320320979,4341.951192327799,7378.384669189217
11503,25.394549901214287,101.73093422242681,1129.6304567001923,986.6672338059126,4078.756200078523
11504,56.399840415470656,156.3467473218318,685.2064303447999,2084.5490959285844,2752.8480973209207
11505,54.031684142801815,122.8305002489624,697.8085991169752,1051.0443635798847,3194.116851967712
11506,35.653861836987566,87.11931643892248,627.1224390354926,1019.6860187176918,1720.4008555755995
11507,36.804358862136624,106.34917658248419,1277.186279213501,1818.066242159019,1712.157550476559
11508,49.89154973752122,93.84940725140594,1194.8849742196464,1463.5209746496084,1828.624588868675
11509,35.297989119901644,108.77542404333552,1342.3218092890259,1492.3295541311145,3778.8569372448587
11510,22.161749374731354,82.28609994890982,978.939964832888,789.0738938823434,4393.185178432251
11511,16.838698528642908,31.042820462193806,505.3152567714569,565.3647291452854,1333.3762483628411
11512,8.263526755769064,56.66783564857005,48.50083319950852,432.427691570377,6074.847475590678
11513,13.062760206716852,18.28259792881678,304.97546434608256,334.4088913584318,766.1784170803925
11514,2.7315067586485777,4.930679404454204,53.53490833634573,82.67968762811002,199.2766321929812
11601,39.98533288138909,388.30876452014087,383.2341639880101,4126.1970655094165,6336.894158967216
11602,35.38219221338158,243.3278106420579,250.08983884419789,2238.6231286565453,7447.593713680496
11603,19.388104624297892,556.8337566922419,337.85154700004244,3999.325005056156,10004.311992765235
11604,25.381911209645764,233.20307140143788,295.6864406223806,1542.5918310630527,7952.4460219437
11605,25.85085761476603,70.22633788818771,741.229363161568,735.0902410800539,3440.0606845489406
11606,66.06333744186269,98.42458781370286,1140.0524419614474,1039.1452120261827,3754.6632437035896
11607,91.1995204604275,182.48702219046223,1188.4247706289107,1526.061398513573,4915.265987481895
11608,87.00826172606672,191.23890877041194,736.4969224919888,1406.4294287056812,6634.746608790785
11609,41.532628833692264,84.64516364670564,765.2439643530148,954.7235073495898,3408.1159545304017
11610,59.99151554597627,145.373869187335,546.0186247877642,1247.9505652349824,6581.521738712508
11611,40.30497567420446,150.41537554629528,371.533393449041,1354.5669978720293,5019.517635016312
11612,35.770829574433826,64.04283939055618,975.1135236177603,799.8042151624084,3253.746833974668
11613,35.21533523958033,48.79967898995714,548.9514453511246,822.7153743827625,1673.8220550922285
11701,19.878796631986624,68.28810692305501,272.0344316281171,621.5629472763994,4161.171722589929
11702,43.662241421197464,158.88636057821643,312.9523244228971,1597.8467355179873,4685.982387510969
11703,10.328571793063666,30.555102970018012,137.81290051694697,575.6992537077479,1097.477215189427
11704,23.76661867061359,117.29734854188546,225.64809863178894,1052.0449991711303,4713.8633745213765
11705,19.593449810208142,192.50036027647434,273.0895370187521,2032.1221098368735,4354.703055656123
11706,1.9657932839762697,8.32540750850264,12.900777901503863,52.48795224530408,776.2594926256846
11707,10.129501897317299,43.62349904149473,397.6431033373544,618.7558796544622,4195.0417931605725
11708,6.213857276329445,61.07291068232755,20.894820475428965,310.02716784811764,4850.539240159472
11709,3.3527681614073166,105.34906745177277,11.958881590577029,1294.3033720824876,6569.458351612919
11710,4.759061910146102,91.92039312622784,54.899777844755356,916.9651357990862,6352.27840369982
11711,6.068348433328755,90.52004625549723,37.632933386687604,790.7790044543515,6464.829573556264
11712,11.271242299994617,33.318348485828984,241.04025482718896,458.9292979408211,1561.1286473422642
11713,5.127577092675562,7.5342868167929975,157.42063597685274,213.24828594528293,177.47213680278855
11801,47.122790604710794,230.72392060876294,331.11392683230633,1448.9323051354281,3985.6800053138
11802,38.803607835088556,132.03651056887273,256.66584285725287,1078.2063029791614,4241.493252364048
11803,46.36715720075193,112.70123267009342,216.986637425764,387.07955443208095,1996.4770573987757
11804,58.72769097647743,220.61107586040336,603.2812528091611,2040.5653520846602,5959.233634221749
11805,20.172517202056074,87.02598783794653,97.11377818125351,733.362371358819,6795.922038388662
11806,21.922018962672503,50.90759288230266,195.90800131741082,473.5847630419063,3845.849457616084
11807,7.151233930196458,6.910833581453019,264.66407021159307,48.35336571620296,290.649001720581
11808,29.133852797154738,32.379292258175866,173.10269024156767,224.87625640403377,1388.9017654197582
11809,3.14022461507722,3.282049135071422,27.646951101857834,33.70324610931273,147.6140093220039
11810,5.815660812393329,3.862520415708274,40.06244756423048,17.13047408356567,208.16107122768167
11811,4.258040450557727,12.041193077469494,22.96561435569545,205.19625886074476,655.8180132523735
11812,17.061495092066213,63.50053056252779,138.9963068069413,436.642303825737,5191.322155474978
11813,13.024553438400295,32.021755692456,323.08658058468114,311.67877839082587,1730.8178292805233
11814,55.896026763721,144.41173778682204,356.37230690028326,1192.285598157321,5356.319837244068
11815,35.41824151110814,39.2949848831811,584.4602160742058,913.9566927824711,1232.8028914033757
11901,12.889935837483828,76.45877746718,99.72703036603899,631.3057756734358,2409.0027863814644
11902,24.60300278612066,89.44902164488572,332.94116008601844,786.0115382455856,4424.7001523256895
11903,39.32665770835806,141.69337619806572,451.1838903972147,1668.6400618179919,5415.877041392785
11904,15.254350615566256,118.51864983461567,90.3639054761146,936.9592476186916,3934.7119625778673
11905,56.45535643054316,154.5178999458107,1022.9126084425334,1498.4550194932606,3982.898537422845
11906,37.71324552981174,230.15447016697826,351.6641989506027,1960.9616622596543,6874.169312685638
11907,15.392395932233239,53.09952476498058,131.42635627455084,385.91355858328313,4530.220972340707
11908,1.239530972050509,7.064969213079417,7.496982506754782,122.27832028753404,603.6878909488158
12001,22.260721617925135,134.85872601901477,772.6125999390122,1153.7931138196034,4525.31648229772
12002,13.708156117892344,39.982429680615304,100.07068854056128,481.2672793699647,1975.836635104012
12003,14.138247784074313,50.678996079822966,741.3584152282666,487.4938411463547,2281.2766807741095
12004,15.91595331494818,78.82115477151164,615.6806544773166,700.6863404256947,3027.017370808024
12005,54.37837116730434,164.83089570048855,1450.070395164793,1483.206489817987,5316.374492926912
12006,36.783470213341566,35.94857769160424,714.3055458134834,546.1641496599668,1713.8740928498557
12101,42.22881471330479,86.693379918416,525.9447308543071,950.5308368671776,3396.6469596183247
12102,18.911487958006177,90.66876121132778,816.2007385680606,907.6683834253313,3450.5836397121952
12103,23.920595110481102,121.81429114724052,514.7888562466821,924.2838432480941,4908.795689817197
12104,13.484237226680001,103.31960842379316,111.59488925991238,1069.734666153937,2577.2762971669395
12105,15.403094344268178,93.2415731600645,236.98015490993353,773.4175670494009,3607.5045250293124
12106,13.705236634487695,71.45633436551581,130.13920525132005,594.669748830437,3373.687544583568
12107,17.20495634260091,23.16704555569909,717.3686991950747,459.9183090633199,69.60895079996355
12108,10.831848654564979,21.410697674749134,977.8029532435769,522.0425682417477,214.6771576680104
12201,11.051591689990813,51.5006829390575,93.1229350988292,334.85634715755987,2599.5329625201866
12202,15.692979325104337,113.48090224335228,177.29293913166006,873.1169652218802,4585.014589027237
12203,8.335606790999167,21.724793364178222,96.65874330875299,195.36571126374852,1597.6391310690665
12204,7.137077052760857,31.28288643396181,178.278546413277,218.22667191560518,1674.5518423970993
12205,5.300167277374438,23.43077067738358,32.31397149034734,174.13857385750444,1527.1074055919328
12206,14.187157966647298,21.460737714561162,637.3972929273503,478.61555422374835,105.41041679352804
12207,3.44400503153113,7.990572419744141,152.82190823142594,124.11674343744002,180.03842864480694
12301,10.35486781953121,34.84510024223087,221.01003924252447,372.1979865783712,1363.595113025526
12302,7.184226738819125,28.04690286212631,109.86232944917404,226.3240165043576,1836.8700005992714
12303,15.004268814003812,33.02907234920723,302.41514725168014,270.8480283464821,1696.2318129185917
12304,7.657547122458222,27.033126044414647,204.91501135083013,221.4985721255555,1264.2693018752536
12305,6.715876610855186,29.198789856107275,76.78538096445854,274.262674618668,1083.1374048509329
12401,30.287680163060237,382.91202498817046,298.85671397118404,3353.859796729889,5284.670609705698
12402,50.41447813397254,165.68943801607134,600.7885717670149,2012.8397244552057,3667.036910410265
12403,35.64446347870973,153.22510749099746,1018.6069291729519,1331.53679399389,3587.1403237373015
12404,28.237058643593723,196.76816453347743,171.2789446151026,1590.4736691476453,4997.296664813488
12405,13.205748477973714,87.2904568646981,78.48016456643238,752.9308451411563,2963.900745409821
12406,19.59232189708347,116.49129638793562,141.61154200809696,1062.0172821275323,3743.166524899407
12407,6.578528280398518,16.05496315609886,62.74783452833063,207.11196818283233,576.7141003293938
12408,28.133037671850882,45.31075365684929,873.4183757192661,490.0223084158283,1066.2561869283152
12409,25.79093596869231,77.41819478011855,192.93554830257165,532.5823389412169,4557.565836645979
12410,17.419955421909037,49.50301236048077,263.60240083016566,412.890726909466,2670.511057197508
12411,19.877774590856113,24.73186339251945,1339.2618795085384,282.7921005377572,497.1043643065627
12412,9.153539713487415,18.718492237347238,814.6019466254726,488.6238698356358,154.6506803640683
12501,47.08354828324552,217.41633107784202,317.6787056837117,1464.130877827869,3939.2848841194073
12502,56.29368367702411,127.82153101522711,332.1512862065883,666.108925340212,3122.7374387887157
12503,19.642433651698735,132.11165518367577,307.67647486969736,1297.0307115886005,2710.724798109744
12504,19.897508471396353,92.62003375397151,292.90857225468176,444.9671156022266,2796.9216273570287
12505,10.14267914876258,25.97604789576908,134.326612164788,201.21983315941713,1616.1027854532233
12506,14.289932523267092,49.608930894331166,307.4507324368866,435.4450499677488,2342.3413008671155
12507,4.599017569162972,11.501186260916281,124.57153028360182,90.76515731075234,468.610564729864
12508,12.094047480783132,28.509677802951444,124.82343539933291,244.2269784907119,1249.3863598528696
12509,5.480180402568829,9.793081156637173,98.27194613805358,64.79283275095855,415.8739283307959
12601,12.34644601968689,56.54855281438608,195.88431981057727,408.70847003701846,2514.6282839527726
12602,8.040187903058836,13.232479273091379,125.39785715225102,123.22522115605294,785.6257028952987
12603,14.368619127096101,35.52326705176168,394.32382196272425,363.86030977455533,593.0732896538791
12701,3.2890528499336398,12.203837560384533,36.23992680206801,102.06325055552338,427.59886833767166
12702,3.130333082778109,14.564592905320328,25.85408324546002,180.24634221664053,450.31280169754746
12703,2.368559547069297,13.2537026239766,11.273152702787772,81.43848641959043,279.8550924460031
12704,7.4389732848958765,19.412672024867355,69.60578700849209,118.63446713172726,433.74371573010865
12801,16.430916120086092,94.87685295638867,170.29871011202417,1522.0893174776859,2479.802437753153
12802,27.281063686363574,172.2154007694373,259.81214636065863,1637.857458914333,8953.426401990353
12803,20.937819533217425,152.37270778027235,330.41125144395573,2000.9200823795586,6172.726443964448
12804,5.518133828288698,10.627829765491702,74.73623417428965,337.735418722212,388.23357788469855
12805,10.812590639761392,84.07680205954232,88.39330939189104,1157.3600772530083,4073.4258511885637
12806,9.229711448644846,20.33448125944324,104.26845542381903,240.00916957439497,1116.1276214503641
12807,5.3723133076932665,22.916413389802404,156.6576363218098,347.4978281621146,1117.0236848348693
12808,14.880713171687253,51.72421976869829,163.50534727308175,696.007726829262,1225.2332581847486
12809,30.393473503772253,111.0138905663151,433.8035885803891,1063.8715046255793,3915.419373249143
12810,15.92083722227181,75.19731217732497,147.76917545244484,934.7474302369233,4910.783370470751
12811,30.45814651711206,51.8486718931894,411.40292072897984,481.9646043897017,2580.3030748731326
12812,11.378900686770974,80.30054390073379,116.63957026703962,721.0149040635724,3244.2064095020764
12813,12.328714357062625,25.8800458599693,247.97438339551053,241.33377411451497,1371.1971854882108
12901,11.53151689863706,32.432136915617725,312.413735304835,422.7884317841019,2381.137403126774
12902,23.351252726721455,74.53685192926748,606.4137984170412,791.4947150380451,2153.122607560877
12903,10.253174968388144,19.55114166896213,696.2107873663487,282.14294130023603,814.295166899782
13001,2.3498377822145833,4.678663852165119,84.50454690232971,83.20650948930695,145.45027570644626
13002,2.9329863640075833,22.36443720505897,24.22934038401819,306.39210648474085,1604.5324036034278
13003,2.6322190365580562,6.042264325891256,181.79879144358765,86.95232970881986,415.3063012679941
13004,7.117624645305052,21.89735724920341,1460.8661064810703,526.7080809586979,973.0767253188754
13005,5.509514192086938,49.4869467064085,71.90349346500001,986.1854328685924,3485.0469710652005
13006,18.96315845816771,61.892186634980646,274.90213410402447,542.8438850070761,2884.172182974898
13007,13.953835909447166,37.34802086115599,306.33832681378163,602.8877880915103,1617.9880206061941
13008,5.636254927083265,6.485080857647908,94.78596766251239,52.01506596365249,341.4394235517149
13009,15.516422110513878,57.921175747787785,104.43003999144915,382.3753281521129,3654.559618848436
13010,15.312270288820972,28.2583962813044,256.05355795540714,470.58280624948264,2343.6788684370213
13011,1.0335619526262725,2.3547022603506353,69.8809076926005,20.59951435162358,75.37482168093503
13012,2.829234723239839,4.920390956143326,90.80625275886263,52.35354240495271,262.8983494236875
13101,13.329771255726609,26.57690470371249,79.04775564078695,155.14105773165846,3081.0477749364427
13102,3.1245378819940988,4.5266256934959,35.02361220841393,43.3310061685243,383.2707807707743
13103,8.125552516208941,66.44521977216873,61.844576072944285,568.4267022968697,3777.159557202981
13104,17.263622253384522,89.90846369948018,102.00195750134513,567.9694807760847,2338.2741461014884
13105,14.720787961984783,78.77770381276692,125.10718840115679,753.3954971897695,2472.066215287056
13106,6.804542617904031,14.766985105719609,90.57595771322472,98.08377444787835,1353.7929674442644
13107,32.0053498229037,137.68952541327926,1006.4699660968466,948.0303872172065,7135.925372257605
13108,9.233072302672932,47.695938956787344,113.55236778622202,475.2183573786418,1409.0339844626064
13109,7.535904533889663,25.3742073137661,129.08040625300586,250.29303196952304,2080.596856834122
13110,1.767147528864824,2.1044328478664527,20.656291928955277,12.819864961880416,124.51550981546688
13111,4.005118059741705,9.41134917628841,34.37434252851411,110.44439905727458,777.7194308749788
13112,1.6921712519520278,2.0433752620219243,28.16958129057849,7.6360855758048904,239.58891911934447
13201,45.04180255605542,409.4837918700875,438.36502888686675,4490.961142306914,5445.00795174293
13202,39.37036851146264,976.838792387049,312.11659609777627,13789.691271826016,7140.09334188352
13203,31.179462294254446,840.2339743286655,269.90609439982916,12233.430267190917,7188.661884384149
13204,27.848868776916138,994.2507589008268,156.9254071721245,10905.795226934784,7008.02427792595
13205,30.586545261192637,485.6371545684284,201.25797538226203,6292.746698558452,4301.440098593293
13206,19.432807785247896,165.99772948910785,368.3206131737749,1798.3997271801984,4818.468697782445
13207,13.510311465728606,108.8330992547204,369.53892815429566,1533.6231567531486,2147.2322531898594
13208,26.560042064068625,76.38524286960795,1015.86987792118,871.3715913213617,2385.7483233891203
13209,29.64977405926689,241.86465924634544,793.6275016794586,3478.2359401959875,5212.429064745866
13210,8.642636901570807,68.37384561203812,11007.164186355229,1016.4698660783739,1371.955015166142
13211,19.701518412897308,96.15769272915352,3603.3185802610556,894.7311967385149,5474.756985830715
13212,8.541248358072263,71.9672790011321,145.4672771253772,882.4736545984292,4205.262757378905
13213,21.883721565011484,121.43020387947033,345.676349149312,1379.8478062882016,5073.76263767383
13214,28.259395084534393,563.3831205847989,208.95058066518962,6698.35566369279,5103.346155553514
13215,31.81868768067377,113.37597644500968,2240.1654856264477,1283.3182933068692,4407.6204637271885
13216,38.23146871092008,61.93326372622592,4435.692140168319,1011.41851061879,1288.5714783604196
13217,50.07299735709315,135.55454103548885,2489.7021389940946,1714.3974416760032,4413.150048081647
13218,9.440721354500443,30.430950578470522,159.77174145388278,317.94503124000437,1504.539875800416
13219,14.982464601838489,54.376332536073264,1399.0210717536056,752.7258605068768,2129.1573283399
13220,28.25505060137811,99.77459760413991,313.71083534927385,1084.8425836376523,4266.390778301151
13221,24.810064435355383,108.93580467493611,538.8401058944025,1608.1903911199115,3572.624536615334
13222,8.071989519530312,10.681542709936835,462.63998988555704,175.77185444644567,771.403355025786
13223,17.540032225203493,55.68011223430052,217.73213468141333,369.5442717845964,2746.7297604862883
13224,38.0705533729719,195.06253169739554,939.1648495241327,1524.3326019358874,5158.088012323698
13225,11.20236202712758,51.853799986308964,169.57459752509428,1156.0318546811272,2101.522071153133
13226,20.48741287845043,126.97002117338157,260.0704068890245,1037.4025000156867,5451.287760995347
13227,13.1966149666346,116.92992645932532,443.7433668614747,1452.9057013324868,4394.54541668001
13301,12.961007150854858,36.254582529288236,1082.9577047175842,441.0943356388129,1583.7071307889692
13302,15.36995696496116,41.34016264720959,823.2577587091024,483.25017760094136,2130.5358734322062
13303,13.157008928838904,34.241568113824215,460.10531225060447,467.7460103767083,1528.1923840607337
13304,11.153869407118705,19.855894841996157,151.22424301564544,177.579822973391,1178.830985758449
13305,10.054393681036064,48.32173649557585,156.057594894462,359.0299083848206,3513.1945333018225
13306,15.715451500861974,52.51733796100716,1070.987278676459,658.4404959508183,2640.518654977685
13307,11.235404294310984,47.03483632667381,235.45583841808892,451.53512212151986,2152.9020659876933
13308,12.515268473356398,28.673596352917812,1239.8934336536497,490.6639382625164,924.4295251921218
13309,12.880761612297599,37.99604679379146,1533.640192125313,454.5142882694301,1676.0305721705597
13310,14.815218308661326,19.217728610848507,275.4454092325581,210.5321723932762,1356.3594249511054
13311,21.752100829135177,184.08943711774165,858.853641204834,1915.8443136391004,6188.088569211535
13312,16.41234588020147,43.58411926887965,251.01272533587164,602.7845736990134,1629.7535624765526
13313,15.000998644443227,39.65158230019152,238.69108583917023,340.4483286932709,1987.2474003065302
13401,13.700638319737925,21.768261375438442,159.69110767923496,437.0944913610778,1266.358461820247
13402,46.45889521533399,218.0825747699835,419.4202463647597,1452.3835573549618,5481.869547054402
13403,27.858811561242305,76.60464392336092,660.8575822049191,849.1841359208688,2969.8366131452663
13404,12.816903068077087,62.87109284167199,55.812934465724574,1235.478979247505,3972.273772842666
13405,27.430215899444015,137.8997990388903,205.74295389882894,1205.7101533091607,6560.555809320984
13406,39.33868728169194,60.64310099281739,693.8648765331363,717.5637183996919,3397.2747601290325
13501,33.218216481894444,225.4491898595766,501.84925769845836,1735.567776561119,5265.733939273002
13502,24.557729158554398,285.18229827583417,2921.056580083057,5628.009535862888,3569.7453479138435
13503,39.82215574542926,266.03805174917727,3211.8290765390075,9782.999389125558,2715.423826905559
13504,31.935228689428246,766.5850815616307,1225.6214521034015,13410.977402376477,4294.627428598626
13505,33.39729551381621,238.52771651517307,240.6928573215995,3053.0637114331125,6723.625937689612
13506,24.180612149413875,31.379546784582864,518.6791947164031,294.97724151029365,1802.1869291640214
13507,19.49052620811577,98.02602260946203,337.2986744175486,1417.5941916919764,4384.312568073958
13508,15.084444968246116,91.37960637585917,390.76681005234906,878.2291336182071,4257.365522251934
13509,20.840207094303707,111.7607102086655,3196.7731221778154,1272.4999970727533,3801.062676863175
13510,28.571190892968545,110.61184051489069,777.311878816855,1179.4939159899236,5104.444882364777
13511,23.829757117709566,43.10146352055002,1544.609117530301,586.2440527947656,1919.456800649787
13512,12.679097327734247,40.10704338722648,279.42966097775695,526.7402619031516,1608.7343672847028
13601,38.93143607375994,374.1583919815676,377.91772090950064,3724.705083889906,6357.595567561519
13602,35.32541946083544,116.81625170017148,1112.7919670622168,1178.5164279935282,5020.145111030603
13603,42.64840384208734,106.66741381217096,1486.4665027092867,846.6711591879917,5566.603876133522
13604,25.558258235306155,231.06069390146416,546.2805629676092,1890.9336088644836,5016.152196126806
13605,18.193387143082283,85.00412536724129,234.69993489112002,1221.83707357011,3359.896905051831
13606,20.00347952533516,57.88403412844892,509.9951164556157,497.9346691275142,3553.533309942822
13607,16.218983497468926,54.501399605844995,222.50543464206905,565.6451629796039,4252.074332579257
13701,21.014500943983673,228.44589364925952,734.011446282961,2068.081099795967,5727.8250565978215
13702,31.75345294569986,421.3604385811849,422.7698896709981,3482.1420426749924,7531.293262226004
13703,13.850290354005521,53.37905143050438,178.28833866900058,546.1762072941625,2199.9833096495045
13704,15.388274949846789,75.16309829884129,134.13321775966182,848.765610252216,3215.486635052982
13705,19.97718362894194,100.4640757594191,635.0472783622923,1082.0526838705628,3942.1623410897278
13706,26.328246987564626,111.42193950460299,1040.1522323274658,1004.1026035936393,4660.6746313413705
13707,15.196784041478262,132.57865873595523,230.12684509705076,1937.496005890651,3506.738885655705
13708,26.999922282215483,166.80631176644204,811.0281809331902,1982.2973460207445,5583.753248050385
13709,18.315945632124293,32.155044393648524,1028.8651471154983,340.1236742664145,1799.7756381225063
13710,9.094237574705037,39.235671197523374,323.77599058571957,360.67556946164257,1375.7898443278648
13711,10.316616412771163,20.366625431994695,1388.5620201313225,206.9937696770639,1085.1702655721765
13712,9.95036477468523,23.733408024618722,429.50028098617474,255.29217063320107,890.974762735329
13713,24.86083907785158,21.312548458967424,563.457287234205,223.01807787025874,944.940386915715
13801,57.12655695518868,106.54811922246671,729.6299151321278,1014.76069886198,4311.768650029541
13802,31.116472511933907,118.65369456435917,1076.388665525823,966.6705060644135,4485.315679777537
13803,23.58404438052813,81.79374603580506,542.1654270428687,581.1166531716046,3923.4506651493966
13804,16.607251084367373,40.816486946441735,355.88533247059297,319.86381866956697,2551.579692132048
13805,17.113605638093407,29.016143933309582,222.48030312631445,173.97999531571438,1565.8848981390317
13806,46.09095138121916,106.22960880833301,613.5242488804801,740.0018534545331,3800.942063796033
13807,61.34125470921481,171.45138221023362,540.4095804861333,1457.375128141506,4334.780083060653
13808,26.49740958514475,58.10197682401963,206.35967441624035,421.42846789015596,2759.1007058085147
13809,49.02242262909987,217.36663574863292,413.6738912185166,1740.5818604907222,4706.82317987023
13810,61.28815811329165,157.47885434708658,588.8178828747526,906.5221796810597,4183.412999210357
13811,16.641315600661226,34.180595880341805,136.52476222986536,344.67814702663975,1797.1464072610422
13812,16.46169305879831,17.05700070441855,219.77288541808167,147.05759391718922,1100.1612478663544
13813,23.24747071974922,34.331459251607754,1492.1500064230788,402.9183015280488,682.0938321654982
13814,22.65454798273199,26.69303292449331,941.9238302449471,217.59176599466113,1021.933395591458
13901,21.83001094180742,51.07499043236774,1067.3351253387377,1473.6525190600107,2858.2683668338404
13902,32.0045384675827,88.69823923960347,655.263973517581,863.8495339498445,4507.642639813703
13903,23.648291724421654,30.465517265441477,318.8351936508371,274.7796793935108,1806.5827890430876
13904,44.34522868333208,221.79384998853916,404.29734317915563,1625.6587765029738,5889.918784385274
13905,57.410604992530146,160.68568826393405,660.8305083943831,1568.2095835688167,4307.725903333594
13906,41.247645406276334,177.3318141559752,918.9522521530008,1614.6761323494452,3803.5442198119867
13907,7.8030314406253165,24.85455248745642,204.8630811636267,215.90127717779032,1390.7089044412223
13908,11.576283073182585,33.42230441269238,176.293484180701,286.10410223232515,2467.683488356123
13909,1.9811928725144086,2.69217427512154,81.39818990080263,29.63800236124181,109.10132080602534
13910,26.510293754338043,86.66962137190784,152.4250147622344,849.3661482384663,4755.700711433172
13911,18.971589909588292,46.77651303830752,188.51071459603068,439.3318918501068,2830.4396443887827
14001,52.73032771401364,552.3987397867904,614.9762980856915,6238.880859036797,5218.892056538587
14002,37.17723240234532,710.1716068680565,570.6630967462797,6582.758640848656,5112.3659561840195
14003,44.663270059989806,225.51930414249506,566.0458656778954,1963.7908640601909,5732.113036015372
14004,44.70596822661978,197.51877644739747,318.13513070018,1420.2407392499176,5959.510801136914
14005,21.030546467626305,261.7590947865813,191.36633742307708,2642.6767705082925,6058.111193411953
14006,32.90822074323118,174.06267151310968,337.3930541627795,1780.306033172134,4087.944933145511
14007,38.62236188872193,320.0035837128158,228.48487444470942,2011.7385597783348,5971.127882585329
14101,11.25887974318134,35.60016368320024,74.69482286793102,364.1107637930705,1108.9375104518613
14102,12.331407692747815,37.683988123562266,131.8628770100266,443.2897961836219,1122.936099863774
14103,2.0017656614309267,3.0319071427174453,12.461522124961672,26.765758462848087,171.87677613060214
14104,1.9177289745267527,2.3185468047571978,10.820838934905959,21.44419331374149,108.23754037758394
14105,16.0851403713163,59.92439739345262,171.4060126166804,445.53157799213824,2530.5779952781413
14106,2.42625986179169,5.540218010509804,110.05788698995427,65.29282928257659,322.9176864853667
14107,10.438909715671526,19.489625728470887,628.0821693380965,279.50396184891673,808.4335530564794
14201,33.156747056355684,194.83332052548118,261.56213816472143,2038.2888348478834,5505.63014497294
14202,24.337746593292863,138.37191161966464,199.24426207993267,1434.0733056203048,5928.092241292912
14203,35.53276165650273,289.01773466750745,367.7634592170953,2759.3827386898406,6106.950710956418
14204,26.258207529495774,98.94965005235177,263.76713781369114,991.4907397584043,4591.683502577325
14205,14.899510341922479,37.184352267770606,151.0609562796911,359.70680504839953,2120.8284466643
14206,20.428471900350242,92.48045711225312,163.02656385633696,794.1838094375158,4686.70964710844
14207,17.06919395487814,55.14916510638984,159.98162307689122,421.24881326936253,2807.6782077608104
14208,25.18294879635788,241.07596574590661,246.88373344669245,2973.657362305622,6254.2003329727895
14209,21.25712901699565,29.864950257331802,527.291306318323,457.9181455702278,1339.2550210920547
14301,23.39970212588451,209.57725641745176,188.4927238165681,1944.7066364054215,3755.6495058102078
14302,19.555152515276486,68.21505855220371,231.42220774429487,558.7729988171849,2521.3869002449073
14303,28.9813116074823,62.78301267864066,338.28243885696156,562.9731677496856,1892.7668757937981
14304,29.276236993495697,37.10940439897348,403.71931162360886,217.99115634895352,1935.2608619513003
14305,10.64298479507861,18.77384039790383,220.86260373364533,79.24936993985379,887.0701990905054
14306,9.641098358797384,14.825161517276797,99.53128937451015,126.00812468586187,775.9428857321109
14307,5.595653205719043,13.028176093764188,665.3210325976072,147.620487791037,600.3210516147853
14308,17.790319909977406,37.66029489571778,369.3972040968861,250.95528648127205,1590.3755240861103
14401,17.556386784979818,39.01986360443121,128.42806221090666,266.8071890160399,1319.8165710801225
14402,10.726287935990177,20.251844890699587,98.04567998766704,112.67767510638643,732.6637081305881
14403,7.129995673956641,10.805794229159027,72.5975210223023,63.32512462912852,399.00654848010277
14404,12.842440753881897,17.770813508476966,76.0653560355162,133.5980060320889,816.23537004836
14405,6.442123927876611,10.636458684565948,236.47058684278431,73.84518090826698,451.6701316162698
14501,4.434140551724435,5.955764434434942,78.53443517516418,49.71380747424553,304.4321521097577
14502,8.51143180511113,26.35532185888133,525.159408454883,199.05526340222494,1203.4888464851456
14503,5.556511891491528,16.021695147418583,245.50897147381286,150.13628244416316,709.6156204409635
14601,11.542335509630988,29.83701614557415,96.05078266510156,312.886471078829,925.6522838700506
14602,27.77110034976946,130.6626213815652,141.8929315408603,664.7118601971939,2883.54176909295
14603,32.39235828806712,99.02972605074643,286.599394762325,693.2569127834387,3049.9376884250255
14604,9.62163454143098,12.467716565675563,78.99948302524908,91.15207614840541,759.7074829547096
14605,49.92316568401133,249.39644211451872,507.6440901048822,1778.1465830615823,4330.106828949356
14606,50.688908213502124,288.2486882174767,565.2527050705938,1903.1572923892252,4649.712695239796
14607,7.271516020734696,17.72728168895801,45.90068751809905,184.15557047845738,705.3071324493453
14608,21.185582304932925,40.04027081658188,368.653530568733,358.3171430719399,1611.469503673818
14609,19.19720004999555,66.72551614183129,806.385913794909,820.8586602606175,583.4988720665054
14610,40.877287612846956,70.36676509119711,357.1268560194293,422.2343319590586,3025.9792109565024
14611,22.799259742425058,34.4886038714326,163.68471077096035,181.717492421386,1314.3806531408145
14701,5.386542358142492,7.18907711274663,63.86117806029203,42.63760115944362,442.69646063395857
14702,14.056669583771349,29.80509487606892,230.9479388408793,181.38547862949446,1057.8621379415335
14703,18.83929201733901,48.084382664380904,498.17086509932017,323.3128080676245,2691.2376251285696
14704,26.72699722492728,52.72870287192636,304.06659536186476,564.77973943312,1758.1332737917878
14705,11.843099337636174,48.08964333868911,87.15926085366935,535.4342905199647,1192.522560544519
14706,41.76837677231343,198.6339930600309,282.17382287412875,1454.3978795835762,5379.417507561742
14707,36.095794780219364,207.196502770459,489.79397885276853,1617.4454383856053,5295.679348105813
14708,14.211755316799369,44.35596664394816,225.63132708727753,350.7226085870697,1881.212257766755
14709,26.335044277920588,39.42839879202558,581.9320750574149,346.3726522069808,1505.1461621063993
14801,35.03558402697673,226.36213128033782,279.5104365324378,1865.5800385742805,4533.777038769109
14802,12.79006286072581,29.83963398668346,101.3713701116553,331.91060735015355,959.545857710383
14803,30.773321144426262,81.59589637762413,452.70517025735643,1035.2801030150097,3104.2467905739773
14804,28.188177403900873,68.33490888634532,2289.326099614589,850.8525033893311,1969.6480288775683
14805,3.2191951186965455,4.2774384103065435,63.06058978201659,57.36345930426929,306.5977067476972
14806,8.415212673511808,59.524017778904884,95.80337803781791,486.6433571206371,2549.3428875335003
14807,11.083733962128107,66.35787848390872,129.28788034098682,460.56289189613926,2610.310177543945
14808,4.693873844639469,9.988168894208956,111.2268608752962,87.13205839978906,429.2614689725019
14809,1.501374268097768,4.845329050800325,114.1159587962477,46.5366172156196,262.4050806481795
14901,20.952992288186746,243.4161457857171,90.55990391290499,1353.710546397871,3115.3102685925737
14902,4.42981107891096,11.887692028061718,94.77114178002704,80.294082991968,441.07676965112285
14903,2.1701929893170617,2.8134267285009114,44.12163870657213,19.379242331318967,117.20918448534881
14904,15.214423707073214,76.33890495116225,62.57591425799814,558.9507324798205,2089.4761689020297
14905,2.375748482459833,5.708199503608947,53.03588186432983,49.27901297868225,198.37496308464114
15001,31.575430416553154,127.32310492014405,247.8247429601559,1215.6422692436327,5797.905739721218
15002,27.217800065838095,66.58058348668159,206.9697544114871,735.2389533311084,3284.001563636987
15003,13.926450070143899,29.29111677397254,465.09818644658736,335.64483092249094,1197.0383844144903
15004,33.19149246758174,220.37000066149128,268.15175012917274,1882.182637294037,6328.340710458456
15005,7.182638916426803,25.246852877142555,76.41936907755665,254.7580822920499,1002.7576284888452
15006,4.98605652410871,21.2819835372924,33.046926376638496,195.23465916160896,1537.9489095966414
15007,24.28561081187471,74.0683785809348,295.18543039579185,741.5598764581415,1413.8567628575465
15008,16.846153819716474,68.11594494632473,301.58202352412883,575.0977252896535,3348.1566111684792
15009,5.593568687730087,7.948184489878064,93.45668996636454,59.52772681120797,480.6218799109205
15010,3.4702786819549396,5.198741602737651,44.27914230149186,35.76342462053142,237.74479423268355
15101,55.15556925205935,1670.4702872501643,350.75064445044717,16248.742713709986,5633.471886438282
15102,77.43621369540935,650.5636306782902,674.1918859837374,5567.374063327821,6657.074441938342
15103,49.296227788104595,294.4767705871343,319.53558076826056,1891.857683249451,3977.9635477902425
15104,46.88933816861214,421.91969375174517,614.765455969616,5061.643707725277,5700.169473317207
15105,47.017218680671945,276.3287566545119,442.3625358816943,2500.067168623011,6279.083197554044
15106,41.461267122113256,222.31339397185144,418.4206548406036,1850.5711883779218,5964.440041379223
15107,69.00125945309038,429.50956938592327,554.1013068591719,3754.9574139254305,5682.273749462258
15108,41.84284469749657,245.97788494193568,357.4179061075432,1926.2968433022656,5575.819875217938
15109,37.64510720967988,222.61052097882538,281.94295621643295,1524.5113591773113,6316.137219242302
15110,36.130540185355976,86.66065121333966,312.96220591087524,714.1150355446068,2765.894310272752
15111,14.742768598181927,26.13988664694825,161.94270604815347,203.4587910138403,1064.4153887118823
15112,52.60696900957533,93.55497693977516,521.1038496186837,437.5152061392009,4401.666291082519
15201,37.3299021981922,160.55354951256845,289.517699974828,1397.6749755661942,6993.756879171008
15202,17.987652792846436,119.44009941341015,137.1275136898484,906.1472252435093,5352.420278691538
15203,23.58376211812818,70.89336082466087,445.6583839383896,725.1328810060418,2222.587368716264
15204,10.41948371974125,14.78409266057337,136.00769456600173,327.45603420931445,951.5531150780432
15205,3.2787738232036694,3.3470891992271943,46.0925067655606,27.159153680888483,223.01116823204308
15206,3.4857663660005684,7.629085131679166,57.62675764206906,115.05370299082932,513.5015257983795
15207,2.5174945768815977,12.180750418426692,22.185175544561158,121.5149101322226,709.2127366492356
15208,10.490955740197519,32.67394721434268,207.7324770746718,297.9440687712119,1239.7878660999456
15209,18.080831849579205,118.11259875540313,157.50400191439647,1224.4852207105994,4417.719349531628
15210,17.767529476751513,80.61108947397427,150.68102939129193,713.6344760213674,3362.4217146512224
15211,2.9584028346881603,7.499966385357842,30.454120659504376,40.651974289757824,522.1423084929959
15212,4.54275406485312,5.401105791927952,110.34858883585099,105.62380858317213,123.3038425173958
15213,10.163924051574156,30.120272322219876,160.20347386748227,443.9667563986369,605.2965768054692
15301,2.334994225191796,6.5175978857609485,1383.9606113600832,122.27205794269369,170.17990220852204
15302,4.290144751129821,20.631006936280585,44.645636858057976,180.63279260784213,629.144451409977
15303,2.0452658889262394,5.439931936984158,13.499962451436444,39.31907669965727,231.36787060726638
15304,1.4398437063321006,5.217313354436604,8.280523275553293,26.60533112534546,211.79670488602542
15305,0.9368211813866983,3.4596841265659273,4.360384656061175,14.359813378775057,135.92278931491947
15306,1.9171362810090302,9.454983268859479,12.784248502930824,59.3425723447962,276.2503716013161
15307,0.2717264618922665,6.913541746288156,0.446484492338194,66.45043493594885,113.53213094138789
20101,28.130745997887885,168.6113174153058,169.92297553791408,1325.2038538972815,2201.2421869204877
20102,61.73393105569376,437.63408124796194,376.16760064319493,2789.1020766040083,6632.64644724741
20103,62.543233753997555,711.8076557091642,302.2986479543392,4686.970240751401,5759.123821275721
20104,55.68384842640713,1471.3778026448174,327.6699585582627,8755.164713348327,4881.655888810233
20105,99.0830761599817,838.618143871958,674.7490796548502,7053.416109927054,7656.2429990369865
20106,96.08950538434088,1507.8907717878412,538.974157977839,14411.010086763987,7197.199942881418
20107,63.24619316960755,2109.3464547000804,387.2510380543816,23066.778880664842,5350.074385661785
20108,50.63805765891479,531.8454983146478,359.156293977564,3378.856141202925,8227.998562002384
20109,61.24164688274612,571.4818224655536,383.76491183353187,4866.804103932394,7011.104214865947
20110,46.87036964624974,338.0843208328176,494.72319909580006,1927.07261666602,6500.754475009296
20201,20.294015620964707,128.4585759105172,117.99258164854696,750.560356433941,2141.774861157447
20202,22.086640878272643,98.01613922055277,149.22982681630205,799.6523682141809,3725.9716730050864
20203,41.49879216301541,291.1684266165238,425.8712264497209,2705.775373774776,5234.013555011412
20204,28.005091266657434,101.85470656366141,209.27626612081446,1215.1766714403752,2706.8550410293624
20205,46.113102883774566,146.24322944777208,404.97756474643774,1086.507676563079,4900.99090982262
20206,36.705570896363476,92.11626672033393,292.570812517222,663.1357554612263,3765.5551094114526
20301,30.194978893914904,212.2474131054504,283.84652720385304,1843.8279977662899,4555.115472427933
20302,46.82854796895827,157.23473434786766,597.5953425029804,1225.2431726984305,4146.193401527529
20303,43.78495411563766,177.42441571502636,798.3595972391128,2664.6246573679514,3094.8624392627685
20304,23.342622657959748,101.46812693021899,145.76248333854497,795.3048577307791,3947.452903537064
20305,29.021747964175535,191.0839567083587,270.1121549457706,1705.6121542910703,3532.928330987486
20306,46.73940752449961,178.11707619114486,357.05684360211444,1450.8772128134233,3076.9263024790707
20307,38.99013566542375,280.0371442654,460.09558537878644,2447.8273020946795,3380.4200958631127
20401,28.989164998859106,114.89009761043162,203.839401490179,799.4444966704398,4016.454765291747
20402,43.301219378047314,205.0906179270209,402.78317766367803,1235.4121490514751,5225.636322563575
20403,17.488372920097603,129.86496548001261,135.86628416424057,1246.6031475417515,3747.8413062034015
20404,55.15742661473947,305.5704009308209,716.9279197379216,2424.8450682596695,6254.485955234878
20405,28.92346551987448,140.70374710132606,415.4886334722579,1314.669830598153,3117.1805040030745
20406,55.78681470524157,266.63720827847794,574.5690009812797,3128.926448591477,4719.029230275841
20407,21.43086730627422,134.74666320973816,207.14353112889347,1766.1846190714687,2527.655564028457
20408,50.39692962300457,253.5663951223435,942.7201343000409,3211.929893880264,2605.627791108327
20409,18.38610352499556,42.28474114544339,220.4124621599468,522.1321703644994,1118.4474575242732
20410,14.10300424452074,52.18223850026285,123.73211123785983,636.6707879619815,1563.2882733312242
20411,12.698873599253467,66.05487467774108,256.22602041812996,855.6728352311944,2649.628953539801
20501,22.901670547325494,161.93087447690024,122.18051525660691,1546.0044856571571,3804.1998348449056
20502,19.934456517526133,112.4876246511566,114.78341696141071,1440.6572293278643,3704.1733489541275
20503,25.65330171649235,112.33848344572009,187.33291530714143,753.4974797256357,3626.5353168555175
20504,27.26454154454296,121.9480639539235,162.39346561036663,1072.7195120981335,3090.7246008297316
20505,39.951720726395756,195.5415886363291,260.6774945518686,1294.6808555892037,6001.829294581471
20506,24.33574516359019,203.35519338352253,176.05529533060755,1944.6926357838706,5559.123295410987
20601,33.71538568593977,224.81006218839866,220.11035170641102,1755.1774314870095,5122.04876334931
20602,10.441646991046644,59.24187197481226,76.73761439259141,380.0474864953424,2415.199601882677
20603,24.018565012370303,222.41596770205678,159.38890414484828,1823.6998191786327,4863.2303520252135
20604,7.349377741173009,68.47112141720663,58.96991008348768,671.6604028787482,2499.24171345478
20605,8.17948767203679,30.138722514039216,48.46974689603153,195.36801359752076,1381.995663362665
20701,6.892187902621034,29.226135233398253,37.98922170472199,207.10805837729214,1151.1881527895534
20702,8.797281064710651,36.113930069025294,34.65709675232312,156.1013026774609,779.4476451618377
20703,13.578180469473205,33.8456073703724,139.81605654979833,248.61477202755987,1041.555957105772
20704,8.24333859630631,26.1136963686736,52.445380706184125,248.54646170135175,1231.3076710793207
20705,3.42785758662507,36.054520557160686,33.28679890546419,315.02548124400255,1408.4980929867793
20706,3.447625844909533,11.23734621642375,18.420313304393986,81.9521061495293,713.4962536568422
20801,5.005897874124017,7.446184157161846,30.737619652874876,46.71512420208743,484.49533062148504
20802,11.986593016168234,28.8769912974653,67.17455047748808,163.98737001690841,1853.6574306064977
20803,6.289843891281929,28.381801705006495,34.18178457254497,180.28080848098293,1112.700820718937
20804,8.399150177056363,13.50743881121672,79.73958351702711,96.90489251784463,621.3255425463342
20805,6.717564086467095,11.848268458430596,55.955097146344514,91.07209492877679,426.9268380276217
20901,2.300231266326227,4.679727425558228,21.10615121987721,34.81602729163861,191.09329316958963
20902,1.9079372272437396,2.771213913235487,16.14140719453396,19.225736540615188,137.58274421706543
20903,18.627914577397444,28.676064959302586,127.94235909716582,130.65070190643365,1347.8724473796221
20904,11.263583250021089,30.948598285798425,67.55216939663616,230.1952407002911,1966.4339914612583
20905,15.982675097155804,62.06602682860167,157.9282381852108,1210.676991006781,1844.1056667858513
20906,15.488159191391476,37.735261496286,160.31200473108288,235.56125570094426,2372.874423305069
20907,8.373272431189564,33.56884541265575,70.99174634060827,404.1406779665214,1619.5674704670016
20908,18.069739782339585,118.02290311428878,145.36128046688873,820.244406305053,3255.7419519766418
21001,45.34617825421493,117.72403151184606,353.9629539450482,1176.6028328718432,3241.2326835465956
21002,50.09826249244261,148.78231109522838,496.95177726582114,1567.1631616007833,2907.886613051608
21003,25.956357401535982,39.204509598776525,291.99434705641727,405.2750746087833,1600.9591640677238
21004,23.140944934823718,80.12735807463928,283.30616348843495,705.2027835813909,2603.7387745065303
21005,19.867806036425762,21.322800805121958,142.61324552801446,155.39479028692443,1316.1400563962566
21101,30.118761394327276,112.47868796034291,195.68317771216687,707.406963302753,2728.820845700153
21102,25.77876379079423,81.32206295434382,221.1821162179491,870.2187687941521,2129.465203526767
21103,20.395795772361247,33.18177109848899,147.70589533812793,290.5652775563514,1638.3182668070583
21104,15.37696217474691,34.28929020038873,122.07158527273793,271.8884549052359,1210.0813736081436
21105,9.924358355335949,11.460646301219514,69.25967596338981,121.7570296867298,526.5667785948344
21106,17.955286115229033,89.14075124903903,192.4692073878479,1204.4373223664224,1792.3635793291337
21201,19.72413467311394,94.66766540504288,289.5100836866452,712.678785323753,2785.2173386438703
21202,15.569177093039679,54.39357116906516,173.59570605543425,577.7004238573005,2062.122712237474
21203,12.867986276803702,42.59957397483966,98.72471488228585,256.3369625552177,1373.2407714136361
21204,9.695887140221233,14.306649976040687,131.77607970273178,127.41135325913352,810.8471815262584
21205,10.228970249343671,18.218827577567662,117.29739774958868,129.7379382011465,1193.4616609208417
21301,16.311343091995504,171.1515546829007,132.32254105678567,1773.2449746714126,3152.7914746579695
21302,23.180010987583273,166.67199192743152,251.38952680634273,1688.4200325615368,3236.312306634723
21303,15.122521591433523,46.327855698881734,118.36697909420364,355.2686062184297,1972.2825768985451
21304,18.93019437310648,69.36668262247471,292.39159643392674,583.600248807236,2624.580194676955
21305,13.171475875044619,46.73501644631934,172.18635332443552,404.8751427435957,2269.642278023375
21306,10.701509021169139,25.02246834909821,128.9185196387795,168.67475512252008,891.5492161040462
21307,10.302728334039845,20.477959239262766,125.99075314793134,128.73649420853866,829.3825146359308
21308,12.663814034108444,31.950419490272765,324.33879460248255,178.15890917328014,1240.9158587659215
21401,39.72256752765337,786.07870717143,223.98239577185936,5990.084461983381,5539.45079782391
21402,44.67746706627029,298.44147554994044,421.35915703212174,1845.644345789235,4712.31296090168
21403,35.942513227088604,122.44366406122627,1593.3271481686972,930.5839608601497,3722.4156356415842
21404,25.68704251486725,129.15648247424647,1037.3213296523563,1512.2487939504242,4271.10904881311
21405,27.558323447353192,76.01103958788265,470.7016900230543,531.9193915401613,2333.7858512184707
21406,10.919081339460133,27.460429009848013,243.94081121796088,182.23294412318228,1151.2210759212644
21407,17.868005066317643,79.04743551103361,286.15181621511493,991.9086407334345,1790.6886967198914
21408,13.400957901241418,30.52850966841006,229.90701544307655,298.46138453060473,852.8675898186787
21501,1.6825453072099736,3.0772804888094853,14.382469744204997,20.48864854194889,130.9326692927073
21502,7.4243346806142885,31.187578689437522,179.05987226965343,261.080053933212,778.0851566207883
21503,10.792492868537252,29.282736705443995,119.26656229501931,241.9704348139416,1149.5270808985076
21504,7.141481051919121,16.54968990288345,96.67178281132715,146.25809000395472,659.4888482554516
21505,7.2711436548917705,16.529910016102857,77.1737876794035,116.88159766815684,690.1802501201519
21601,4.623665409327324,10.539943249378133,59.701138668148815,72.93399748335838,330.3331008849082
21602,6.002032150556908,11.41710053098336,170.0391039788247,88.11959548288614,522.163669644162
21603,8.004963195415764,18.45738439675285,68.08521410387016,122.416161402382,685.2713724079354
21604,3.3655461770441693,7.350215398215041,37.38279443742795,57.77575197491839,350.63894177237495
21605,10.059067723110863,22.051940628120338,239.43308509825593,167.29842871277165,815.2151200727822
21606,2.400687738221488,4.3347146074542175,36.677805434252946,24.452054174242182,142.97559741036824
21701,3.8725270631379924,8.018517690560193,47.66562665202929,57.72980556600352,307.31164061950625
21702,7.13924298996653,11.805535222753651,104.8638639870272,112.74859203120242,458.0097291599812
21703,8.05344557205214,22.428594409760674,111.48853390505191,130.96109018109055,436.82165433795643
21704,3.0644662128156868,7.036747814265986,35.65671733961317,47.09973068677403,275.2457545498114
21705,3.7175535682038605,9.12042412818921,38.07573292021515,60.060407062536534,269.0564768421699
21706,5.234145084582573,13.531459483647943,78.8772624219368,118.62937348020904,440.7001237176996
21801,7.4584297641470005,16.125837431921656,100.9872325245867,95.92332978106543,390.86707238720584
21802,2.577792505656327,1.685487136414655,21.792187214240126,6.395241394541423,65.92518966758267
21803,5.383598939182795,5.263138848210923,54.12855970254261,39.315543067967205,207.1160003466102
21901,45.01186212696145,163.96612605528762,247.96170917047976,1133.6270716439192,2779.3279099797505
21902,9.965035263830314,13.65940696607519,203.437713478562,180.57822543116626,447.0259400554256
21903,40.51763316699899,91.0168448040571,288.8168566270394,512.57166268892,2378.0903784345346
21904,3.078132572493086,3.747003874660655,28.636558977235214,34.24307732707165,113.87466669382623
21905,15.314757921201158,27.14350449370213,273.5321811078432,260.14596867446414,811.8132180745653
21906,15.612723168492444,24.589227385736496,179.5353021147399,176.40619283536805,768.8693840477733
21907,11.84829971504951,20.198409652039324,185.65982292108058,162.78628366981968,838.3473816447345
22001,29.441739684775975,150.89390342258554,145.9858184481017,1016.1924583056764,4416.006761038276
22002,21.969918420139486,176.16408737430177,221.55929194766517,1740.337450031908,2590.350464256098
22003,11.54680754368243,36.44505283941119,170.77462246258855,228.28931598188774,1925.2125642177175
22004,12.360608727625891,80.39997817245148,101.3109677512051,737.3520870780288,1832.1888169840738
22005,32.101791066039354,152.78290753318348,2476.2630198973393,1382.907791245701,4334.943057207795
22006,16.86627958135927,53.845118458460405,171.37631574114948,490.4118477069125,1962.4343635940747
22007,11.279566347845302,16.616595869558754,177.9984733031034,178.2511319728001,435.4649059352311
22008,27.453388371956233,79.14001336238604,683.8940287433254,816.5085103218914,2892.7780896320605
22009,13.395295875329982,60.56164243095867,124.26691252504592,578.3642764956651,1975.780132051324
22010,3.0112293156923466,19.156689535548853,13.99997610021619,108.17560116266081,1945.7429441291058
22011,16.174006461273073,18.833689812946673,208.23996529987778,126.26583423689495,681.6527623881911
22012,24.04177445330657,36.89789945292692,342.92520344619936,305.38071681932115,1193.2720644328515
22101,17.2842837947471,25.27542421461036,271.74807173893157,161.85916536029407,1347.5825607254037
22102,17.77348533872117,150.36840787916498,129.56976864843585,1305.1346539638273,2242.5384766746865
22103,16.044936972890568,73.29648035908627,147.2804032943567,654.296331166418,2366.017194964369
22104,9.28873546465023,17.752494031248954,158.8548507881342,137.713893619922,658.8295566636046
22105,2.7394446942543773,4.511598373322182,65.98320475065985,46.99123828558346,226.5610270504436
22106,3.4641339779173403,7.360094497914299,40.44468521164444,43.58063325197457,246.26977351628543
22107,6.491305293456246,13.5652412126649,170.63280623843025,127.15554887845418,736.7897745104267
22108,6.958468884251166,8.324064368191218,72.242596866201,63.014515536322264,317.76616779339116
22201,19.672195444600078,107.07560662571265,159.20500834241759,1127.0471860199657,2757.2468666376676
22202,13.142664312234427,59.1401279179274,482.4426534210821,736.7435835071708,1998.5786612908355
22203,9.479808192736625,71.60339873764248,58.590735803425034,674.619809201139,1391.7901506344526
22204,2.923886701320258,4.743615859472387,53.90829845989889,59.34171632388536,205.17613403387148
22205,6.694841996686772,19.76034864156651,79.56623797224289,182.4740470241166,1238.5566824287196
22206,8.465540014419487,14.002097904318617,296.78787392097587,200.1613460610963,659.2475259765673
22207,5.92569318878646,52.44218034137011,57.98269749038135,303.6725972358237,2654.6498838627035
22208,4.286840729419957,16.17894574132091,52.123106298821995,109.12378653866783,1179.920422045253
22209,4.098653083816381,14.434048407505491,89.5497338976366,48.262458200595695,454.79586014318534
22210,3.2310442281350364,7.916052689270987,70.41207117205758,55.82602109462994,302.5995317888654
22301,40.14317387863763,167.4301381702172,186.76085966332803,870.6747128686847,3713.533482215735
22302,29.421788092475527,277.63979746024205,313.22430933376734,2509.58701079748,2641.728653128294
22303,16.692419586606835,27.476155529381977,138.41374527674483,234.21790087179122,1419.509891032328
22304,8.498252869817069,16.825703097716573,49.59943909104206,151.92286754802552,925.9065460143996
22305,32.00608564855872,586.3424351393356,266.256449212359,5383.62246432217,5871.2337180937675
22306,34.531826445346624,150.98381657778995,236.15041844410038,1290.3075833826513,2503.369117433301
22307,33.507849608391474,285.61929830064423,161.58804640837673,2331.3159448166657,2981.5103301346926
22308,13.618203245371337,26.062067361786134,128.6188307435989,193.83850926794773,1672.4432952064778
22309,2.007247102673237,2.685891391247641,17.402370791369044,53.847823264133424,78.30355685453816
22310,28.213260799267097,98.53357038572376,179.0645211119083,800.8016153980608,2811.7688803336946
22311,8.478596540816126,21.00356702857337,98.19515837468819,227.8051495983566,1054.7981286307822
22312,18.89060402778118,22.81747361926444,153.58712040728088,134.64313546431723,780.9496380624028
22401,10.109315136329071,38.723048381725796,133.77144690196084,252.7958993342157,913.611561797798
22402,6.616236371564019,11.028732117179862,39.24976711394992,88.52578294185446,330.7516500771142
22403,14.777265696778903,47.022551570465765,91.2045850069086,368.3029149883473,833.0393152731667
22404,13.832691869698177,22.2042918093607,97.90588117613639,158.50328577972033,741.0178903761561
22405,9.447935056344262,10.069167519370453,90.14879761871798,73.15155703404358,333.34835291119435
22406,8.75615051334747,9.233305252151558,55.166840266574454,46.88960242640284,292.6635686711339
22501,12.196937159378928,64.20024340123518,121.96178687802974,463.2192379737188,1541.815497146846
22502,1.2653401463765033,3.227702569177457,8.479981830447963,22.80535728236891,80.83414865853817
22503,2.0327058056989626,5.323082989862289,21.122214262459256,44.34040531752748,159.78045795441673
22504,3.321955234323204,4.6933296623189005,24.28676043482237,33.93544562755886,160.08674514533172
22601,14.048188499805862,162.35164332954852,230.71228313229153,1120.3645064031364,1601.5458080849735
22602,1.1609255199935797,3.5809441054726334,9.215737556198576,25.6058395199317,127.3349086171728
22603,17.016836347599632,127.62424664826504,249.95344934017376,1041.2852759125328,1603.104786944764
22604,2.9511283877066643,7.17943051106191,71.85935955767434,63.04447552482317,269.51029733979
22605,1.0361855480581872,1.120540947424618,4.936214259097513,3.5447942026585855,35.50233589812009
30101,3.498532600736039,6.340936218118971,73.6466598336756,61.26346122407386,218.2400499241838
30102,5.41864661794421,8.916502831889712,80.72761959196114,75.04795820448604,360.5341101570921
30103,4.230788112783346,14.798156017547841,34.16686576627456,178.56264203570183,491.1771493014729
30104,1.1238872120550294,65.05014831829565,10.171710227330287,2274.519923454822,50.126540751046214
30105,69.36439184654077,182.95885755576316,1006.1565135643419,1467.394318387724,3533.4039822992445
30106,21.37003171030837,26.213989259082297,211.08861489461574,251.4375619470647,847.4325190074273
30107,20.76028502728899,197.62950895385157,190.0511026158104,1675.3911195448925,2518.0088312024445
30108,25.963183290650207,144.91231399768807,130.89294047154632,986.4983871527095,2864.9993550620134
30109,15.736256807888282,98.82143371115139,342.1652296584224,861.0187202807749,2807.8809790454234
30110,13.200306294946925,35.36427682043709,170.67007447128424,320.30423441853765,1525.707143272162
30111,10.928234309540306,15.175489084148804,75.7635305200116,74.2684240071681,656.5533211379701
30112,5.301044000342145,48.30661455568651,207.15507223560365,429.2206601708371,3915.5225292738373
30113,9.524683098810685,55.69417756636683,114.66054586441189,496.8683667941062,1810.0332230741078
30114,14.629851556601055,20.29729286516433,131.43660441086632,147.3587796414912,1540.9541429458532
30201,9.902898320447784,30.431350691097283,204.1440798567065,238.88041870756433,1063.2282885495044
30202,5.900373414982717,12.02569236461063,184.68375292216874,101.83662167626916,386.5946263122334
30203,3.4808600780552488,7.973883898562148,158.36091647574048,62.66919016914421,361.5171564114307
30204,2.2458055685836924,4.027476889021564,26.84723838046075,42.34437461395391,148.0149271294994
30301,23.594738457392616,47.215819679825245,291.6978664929913,535.7730352556108,1648.8412453229162
30302,13.584605082158768,37.10348298827783,302.7083811569639,346.15594456061575,1829.057991682467
30303,43.25744756167084,191.19975074688332,332.95603285471475,1583.92389552448,4327.7880525629635
30304,21.616910754281616,116.25055315899765,183.11612525667928,1003.178485970183,3568.923169156848
30305,31.033355996344536,80.12310872276801,816.3547632318581,847.3634348170742,2039.4460980272183
30306,9.72327371114995,49.315574365758586,142.57310896298975,1540.9410551434414,2043.7047565680211
30307,52.04127374518244,146.7166209036592,376.84373774723855,1000.6225393648656,3286.639665798326
30308,26.695478478022682,71.3407427683119,227.94579478495635,756.591993829047,3653.2136549649713
30309,16.134769802533178,46.358596155608964,307.59240808696694,429.952328292669,2914.8269258355826
30310,43.4683479931226,97.59456479022168,350.21838153944964,790.6677971496024,3810.7972362051996
30311,10.496178482222144,35.41831683434498,83.10858825364886,696.785088657292,1396.8447422750305
30312,11.9220446874703,17.89552053310298,237.91885304779746,129.72785607381573,995.0760445702632
30313,7.597019377218395,18.485672570699,78.98029050224721,143.08114780747601,1090.1907088972569
30314,4.976241716406124,8.510425838534514,126.95297795993386,63.60446569767403,604.4913128106028
30315,10.826154125228888,45.33201161785953,510.68031077140927,512.3108644300269,1805.0507342579206
30316,8.017017973126412,12.87762882810919,124.00187062191912,104.0518927454478,623.4228056729576
30401,15.718638600858176,33.62248085242475,258.67926703714784,217.54249343738056,1441.1848202129638
30402,18.416265781835495,55.71994391916054,560.5600261618653,1256.7158746932787,276.6191986759547
30403,8.891311662990546,19.52195833852408,704.5817975820547,333.63285686340726,274.1144618012564
30404,48.45309628190615,688.962819587242,939.0060455075578,6645.776070664539,4796.379518891621
30405,45.44233841364995,449.4639726473636,793.8634795562767,5750.8744292496485,4071.961268985295
30406,32.010702661470006,67.87007255594798,766.5360277309221,945.3583116130173,960.3225131138647
30407,22.24839451365546,117.03935882657849,408.45139463876944,1457.080492799433,3156.9808457440204
30408,18.436127759206443,40.89259474898668,419.97021211596,422.8720513936675,1956.3143073710066
30409,14.860090282054557,44.542574278740105,218.73298138621496,495.18832972118236,1456.5820950046295
30410,58.97888052545408,506.3445181898827,2872.263953831648,5878.514116648417,4168.695064980841
30411,68.04010395229143,247.1676413847599,1616.6411390292164,2347.8683765318333,2400.6431319536814
30501,11.516590024745874,32.029995362830824,78.80231492500425,295.6977744393341,976.4096183958586
30502,26.211290357418047,173.20329323139592,326.95939225022863,1660.9545635390034,5598.925872798595
30503,5.455922148221996,20.228414760160103,29.066034477513977,155.79218630115946,1490.3422493705687
30504,10.682059304622916,42.910253836166156,81.23301771770795,399.41926793028824,1993.2567258355177
30505,5.8603030563491165,19.64613360002367,62.172372867312184,216.0851105775136,1195.3157488931795
30506,10.476276176799875,30.229365522995906,93.03152068331259,195.33410958134894,1795.224907128283
30507,4.239140236924596,7.949037664939673,59.544304467691184,170.29931840377526,304.9463314014911
30508,2.6649727479317864,4.6605044578872015,17.470179370858535,31.85313552331016,163.13748015043944
30601,3.7108313419244525,6.327191807032657,94.28949037485124,47.060811119244285,291.9811514655941
30602,7.507333240632902,34.34433062199813,43.646553848594195,361.1474962348619,1188.8749555614138
30603,0.044464005783650506,3.345041762790325,0.08892801156730101,37.8180655129785,26.00569120120871
30701,14.499534461761607,51.95516756998955,567.8755086108957,878.6561230650508,1559.7190513391663
30702,26.255161333210644,222.80487537322466,191.3752727417771,1816.3356502867775,4053.9205050866044
30703,8.654812624126796,31.643528197625425,147.99136141883668,235.35106043274385,1784.764958918043
30704,10.492708327651473,18.803463338216694,186.81362872847532,142.61929576109813,1320.5910310323056
30705,13.268933199099349,17.06264119526522,63.18504113579302,116.63359751307458,1188.4500799011068
30706,9.991146954834733,20.924731957642642,97.55948966522767,125.55633034713193,1298.5108262862364
30707,11.91250254100273,42.9698296754638,214.88762961676548,513.453052727954,2665.992499988545
30708,17.451260677184916,81.6005659334166,692.2519972018717,855.4558561866078,3782.8447870663094
30709,11.504140731549485,88.3947075021496,59.449160823899675,774.8625439978181,5724.533250356926
30710,28.378148603454548,155.43326750692805,282.7443235644092,1797.4698449809787,4654.207257656208
30711,27.008813557279165,187.23535347381036,124.8992844099915,1129.6432113567023,4034.3415586019833
30712,11.666231437683372,128.2899073806342,88.29826698710342,1170.5724854156722,2668.057039002895
30713,10.005922367683995,40.473792883848446,82.64127576366403,393.68743439019164,1969.6753068633961
30714,10.279944751267305,45.64733406165604,57.29356171889394,344.40001551043474,2340.0914899992795
30715,6.959279625392654,30.796686610205693,65.30042996115598,262.16112173498664,1324.606602878022
30801,1.6047512511679773,2.516466498595293,9.713323993954441,29.914116368405466,109.34761826095335
30802,5.277940109386027,12.083248251848874,94.27847227313913,120.85201175872452,527.5423419423287
30803,7.29321482076391,78.38596261344192,89.54330822040774,894.3173532336053,2146.7733488189947
30804,19.3037792462004,262.8378878445554,583.1272075704233,2643.4345901595043,3424.0359224024605
30805,27.681578379475983,85.58940894061689,2497.210368989687,984.4006484938535,2635.865429262726
30806,8.200204900407478,18.04302739111037,110.99430989041211,453.2310824104911,494.3922661072421
30807,3.7605671955177424,9.77141388264222,78.45160231041771,167.56312640138873,485.00830708275606
30901,1.4441709455760428,2.9547283773508872,70.34172443194574,36.75834794913336,101.22504241878416
30902,5.4469991250480145,13.398095903918987,124.7436760374309,111.86950799851255,928.2567294250262
30903,10.065273179813111,95.8776968090893,58.593914009937464,729.5399230107987,1534.2668451676052
30904,2.4259195497317716,5.439356986495009,40.48038331772796,62.41340645803354,297.4314740561994
30905,7.673117505062273,50.248633177292106,159.54649260196112,395.8289341126631,1501.1276412897835
30906,0.9706995728456393,2.642622442328783,26.545127856736215,19.990733284940713,81.07469400103672
